SAS_No,Parti No,Malzeme Kodu,Teslimat Miktarı
SAS-5581743944,2604011268,120508239,36
SAS-5581743944,2604011269,120508239,36
SAS-5581743944,2604011287,120508239,36
SAS-5581743944,2604011288,120508239,36
SAS-5581743944,2604011289,120508239,36
SAS-5581743944,2604011025,120508239,30
SAS-5581743944,2604011026,120508239,30
SAS-5581743944,2604011027,120508239,30
SAS-5581743944,2604011028,120508239,30
SAS-5581743944,2604011029,120508239,30
SAS-5581743944,2604011030,120508239,30
SAS-5581743944,2604011031,120508239,30
SAS-5581743944,2604011032,120508239,30
SAS-5581743944,2604011290,120508239,36
SAS-5581743944,2604011033,120508239,30
SAS-5581743944,2604011283,120508239,36
SAS-5581743944,2604011270,120508239,36
SAS-5581743944,2604011276,120508239,36
SAS-5581743944,2604011275,120508239,36
SAS-5581743944,2604011274,120508239,36
SAS-5581743944,2604011281,120508239,36
SAS-5581743944,2604011273,120508239,36
SAS-5581743944,2604011271,120508239,36
SAS-5581743944,2604011279,120508239,36
SAS-5581743944,2604011272,120508239,36
SAS-5581743944,2604011278,120508239,36
SAS-5581743944,2604011277,120508239,36
SAS-5581743944,2604011267,120508239,36
SAS-5581743944,2604030599,120560749,89
SAS-5581743944,2604030580,120562830,88
SAS-5581743944,2604030605,120560749,89
SAS-5581743944,2603230656,120063988,1
SAS-5581743944,2603230653,120063988,9
SAS-5581743944,2603230635,120067793,10
SAS-5581743944,2603230757,120210504,8
SAS-5581743944,2604031214,120047881,5
SAS-5581743944,2604031203,120047881,5
SAS-5581743944,2604031228,120047881,2
SAS-5581743944,2604031183,120048845,5
SAS-5581743944,2604031182,120048845,5
SAS-5581743944,2604031175,120048845,5
SAS-5581743944,2604031200,120047881,5
SAS-5581743944,2604031201,120047881,5
SAS-5581743944,2604031191,120048845,1
SAS-5581743944,2603230634,120534552,5
SAS-5581743944,2603260101,120575364,107
SAS-5581743944,2603290560,120204455,108
SAS-5581743944,2603290561,120563803,108
SAS-5581743944,2603250847,120576989,108
SAS-5581743944,2603300005,120246162,110
SAS-5581743944,2603300004,120246162,110
SAS-5581743944,2603300012,120552048,110
SAS-5581743944,2604030578,120562830,88
SAS-5581743944,2604030579,120562830,88
SAS-5581743944,2604030575,120568574,88
SAS-5581743944,2604030566,120568574,88
SAS-5581743944,2604030601,120560749,89
SAS-5581743944,2604030600,120560749,89
SAS-5581743944,2604022816,120577757,2
SAS-5581743944,2604022814,120577757,2
SAS-5581743944,2604022813,120577757,2
SAS-5581743944,2604022860,120577757,2
SAS-5581743944,2604022861,120577757,2
SAS-5581743944,2604031031,120507652,27
SAS-5581743944,2603242851,120507296,36
SAS-5581743944,2603250020,120507296,36
SAS-5581743944,2604011171,120508239,30
SAS-5581743944,2603310161,120507652,31
SAS-5581743944,2603172039,120500970,42
SAS-5581743944,2603242844,120507296,36
SAS-5581743944,2604011284,120508239,36
SAS-5581743944,2603231276,120509566,42
SAS-5581743944,2604011286,120508239,36
SAS-5581743944,2604030602,120560749,89
SAS-5581743944,2604030604,120560749,89
SAS-5581743944,2604030603,120560749,89
SAS-5581743944,2603242813,120507297,36
SAS-5581743944,2603310156,120507652,31
SAS-5581743944,2603231339,120509566,42
SAS-5581743944,2603231342,120509566,42
SAS-5581743944,2603242814,120507297,36
SAS-5581743944,2603231277,120509566,42
SAS-5581743944,2604011266,120508239,36
SAS-5581743944,2603242842,120507296,36
SAS-5581743944,2604011265,120508239,36
SAS-5581743944,2603310157,120507652,31
SAS-5581743944,2603310163,120507652,31
SAS-5581743944,2603310170,120507652,31
SAS-5581743944,2603300433,120577757,2
SAS-5581743944,2603300434,120577757,2
SAS-5581743944,2603300430,120578241,2
SAS-5581743944,2604040062,120577755,2
SAS-5581743944,2603300437,120577757,2
SAS-5581743944,2603300498,120578241,2
SAS-5581743944,2603300500,120578241,2
SAS-5581743944,2604032233,120578241,2
SAS-5581743944,2604040060,120577755,2
SAS-5581743944,2604040059,120577755,2
SAS-5581743944,2604040058,120577755,2
SAS-5581743944,2604040053,120577755,2
SAS-5581743944,2604032330,120577754,2
SAS-5581743944,2604032283,120577754,2
SAS-5581743944,2604032284,120577754,2
SAS-5581743944,2604032280,120577754,2
SAS-5581743944,2604032234,120578241,2
SAS-5581743944,2604032236,120578241,2
SAS-5581743944,2604031155,120578241,2
SAS-5581743944,2604031189,120006667,140
SAS-5581743944,2604031184,120006667,140
SAS-5581743944,2604031173,120006667,140
SAS-5581743944,2604031284,120006667,140
SAS-5581743944,2604031334,120006667,140
SAS-5581743944,2604031188,120006667,140
SAS-5581743944,2604031186,120006667,140
SAS-5581743944,2604031335,120006667,140
SAS-5581743944,2604031338,120006667,140
SAS-5581743944,2604031336,120006667,140
SAS-5581743944,2604031192,120006667,140
SAS-5581743944,2604031285,120006667,140
SAS-5581743944,2604031185,120006667,140
SAS-5581743944,2604040107,120577755,2
SAS-5581743944,2604040106,120577755,2
SAS-5581743944,2604040108,120577755,2
SAS-5581743944,2604040118,120577755,2
SAS-5581743944,2604040096,120577755,2
SAS-5581743944,2604032102,120577756,2
SAS-5581743944,2604032113,120577756,2
SAS-5581743944,2604032115,120577756,2
SAS-5581743944,2604032156,120577756,2
SAS-5581743944,2604032114,120577756,2
SAS-5581743944,2604032157,120577756,2
SAS-5581743944,2604032180,120577756,2
SAS-5581743944,2604032181,120577756,2
SAS-5581743944,2604032155,120577756,2
SAS-5581743944,2604032154,120577756,2
SAS-5581743944,2604032153,120577756,2
SAS-5581743944,2604032191,120577758,2
SAS-5581743944,2604032192,120577758,2
SAS-5581743944,2604032185,120577756,2
SAS-5581743944,2604032184,120577756,2
SAS-5581743944,2604032228,120577756,2
SAS-5581743944,2604032213,120577756,2
SAS-5581743944,2604032209,120577756,2
SAS-5581743944,2604032269,120577754,2
SAS-5581743944,2604032331,120577754,2
SAS-5581743944,2604032332,120577754,2
SAS-5581743944,2604032151,120577756,2
SAS-5581743944,2604032131,120577756,2
SAS-5581743944,2604032130,120577756,2
SAS-5581743944,2604032126,120577756,2
SAS-5581743944,2604032329,120577754,2
SAS-5581743944,2604032279,120577754,2
SAS-5581743944,2604022800,120578240,2
SAS-5581743944,2604032271,120577754,2
SAS-5581743944,2604032018,120577756,2
SAS-5581743944,2604032063,120577756,2
SAS-5581743944,2604032064,120577756,2
SAS-5581743944,2604032065,120577756,2
SAS-5581743944,2604032066,120577756,2
SAS-5581743944,2604032033,120577756,2
SAS-5581743944,2604032031,120577756,2
SAS-5581743944,2604032047,120577756,2
SAS-5581743944,2604032046,120577756,2
SAS-5581743944,2604022862,120577757,2
SAS-5581743944,2604022863,120577757,2
SAS-5581743944,2604032101,120577756,2
SAS-5581743944,2604022864,120577757,2
SAS-5581743944,2604022865,120577757,2
SAS-5581743944,2604022874,120577757,2
SAS-5581743944,2604032075,120577756,2
SAS-5581743944,2604032117,120577756,2
SAS-5581743944,2604032100,120577756,1
SAS-5581743944,2604032043,120577756,2
SAS-5581743944,2604032042,120577756,2
SAS-5581743944,2604032045,120577756,2
SAS-5581743944,2604032044,120577756,2
SAS-5581743944,2604022820,120577757,2
SAS-5581743944,2604022819,120577757,2
SAS-5581743944,2604022818,120577757,2
SAS-5581743944,2604022817,120577757,2
SAS-5581743944,2604022821,120577757,2
SAS-5581743944,2604032073,120577756,2
SAS-5581743944,2604032074,120577756,2
SAS-5581743944,2604032272,120577754,2
SAS-5581743944,2602260892,120577754,2
SAS-5581743944,2604022799,120578240,2
SAS-5581743944,2604061173,120240820,75
SAS-5581743944,2604061337,120240820,75
SAS-5581743944,2604061147,120240820,55
SAS-5581743944,2604061165,120240820,75
SAS-5581743944,2604061162,120240820,75
SAS-5581743944,2604061161,120240820,75
SAS-5581743944,2604061160,120240820,75
SAS-5581743944,2604061158,120240820,75
SAS-5581743944,2604061157,120240820,75
SAS-5581743944,2604061175,120240820,75
SAS-5581743944,2604061151,120240820,75
SAS-5581743944,2604061149,120240820,75
SAS-5581743944,2604061335,120240820,75
SAS-5581743944,2604061333,120240820,75
SAS-5581743944,2604061340,120240820,70
SAS-5581743944,2604061330,120240820,75
SAS-5581743944,2604061150,120240820,75
SAS-5581743944,2604061152,120240820,75
SAS-5581743944,2604061153,120240820,75
SAS-5581743944,2604061163,120240820,75
SAS-5581743944,2604061167,120240820,75
SAS-5581743944,2604061155,120240820,75
SAS-5581743944,2604032021,120578240,2
SAS-5581743944,2604032019,120578240,2
SAS-5581743944,2604032020,120578240,2
SAS-5581743944,2604022809,120578240,2
SAS-5581743944,2604022808,120578240,2
SAS-5581743944,2604022802,120578240,2
SAS-5581743944,2604022801,120578240,2
SAS-5581743944,2604022810,120578240,2
SAS-5581743944,2604022796,120578240,2
SAS-5581743944,2604022797,120578240,2
SAS-5581743944,2604022798,120578240,2
SAS-5581743944,2604032278,120577754,2
SAS-5581743944,2604022876,120577757,2
SAS-5581743944,2604022877,120577757,2
SAS-5581743944,2604040124,120577755,2
SAS-5581743944,2604040125,120577755,2
SAS-5581743944,2604040126,120577755,2
SAS-5581743944,2604040143,120577755,2
SAS-5581743944,2604040127,120577755,2
SAS-5581743944,2604032125,120577756,2
SAS-5581743944,2604032121,120577756,2
SAS-5581743944,2604040160,120577753,2
SAS-5581743944,2604040164,120577753,2
SAS-5581743944,2604040148,120577753,2
SAS-5581743944,2604040149,120577753,2
SAS-5581743944,2604040150,120577753,2
SAS-5581743944,2604040151,120577753,2
SAS-5581743944,2604040152,120577753,2
SAS-5581743944,2604040157,120577753,2
SAS-5581743944,2604040158,120577753,2
SAS-5581743944,2604040159,120577753,2
SAS-5581743944,2604031176,120006667,140
SAS-5581743944,2604031177,120006667,140
SAS-5581743944,2604031174,120006667,140
SAS-5581743944,2604031178,120006667,140
SAS-5581743944,2604031179,120006667,140
SAS-5581743944,2604031190,120006667,140
SAS-5581743944,2604031180,120006667,140
SAS-5581743944,2604031181,120006667,140
SAS-5581743944,2604031194,120006667,140
SAS-5581743944,2604031193,120006667,140
SAS-5581743944,2604022875,120577757,2
SAS-5581743944,2604042371,120577755,2
SAS-5581743944,2604040051,120577755,2
SAS-5581743944,2604040050,120577755,2
SAS-5581743944,2604040049,120577755,2
SAS-5581743944,2604040047,120577755,2
SAS-5581743944,2604040048,120577755,2
SAS-5581743944,2604031158,120578241,2
SAS-5581743944,2604031159,120578241,2
SAS-5581743944,2604031154,120578241,2
SAS-5581743944,2604040074,120577755,2
SAS-5581743944,2604040075,120577755,2
SAS-5581743944,2604040076,120577755,2
SAS-5581743944,2604040080,120577755,2
SAS-5581743944,2604040081,120577755,2
SAS-5581743944,2604032189,120577758,2
SAS-5581743944,2604032196,120577758,1
SAS-5581743944,2604032197,120577758,1
SAS-5581743944,2604032118,120577756,2
SAS-5581743944,2604032201,120577758,1
SAS-5581743944,2604040105,120577755,2
SAS-5581743944,2604040095,120577755,2
SAS-5581743944,2604040094,120577755,2
SAS-5581743944,2604040093,120577755,2
SAS-5581743944,2604040088,120577755,2
SAS-5581743944,2604040070,120577755,2
SAS-5581743944,2604040073,120577755,2
SAS-5581743944,2604040071,120577755,2
SAS-5581743944,2604040063,120577755,1
SAS-5581743944,2604040061,120577755,2
SAS-5581743944,2604032202,120577758,1
SAS-5581743944,2604032203,120577758,1
SAS-5581743944,2604032199,120577758,1
SAS-5581743944,2604032198,120577758,1
SAS-5581743944,2604042360,120577753,3
SAS-5581743944,2604032346,120577753,3
SAS-5581743944,2604042343,120577753,3
SAS-5581743944,2604042344,120577753,3
SAS-5581743944,2604042346,120577753,3
SAS-5581743944,2604042358,120577753,3
SAS-5581743944,2604042342,120577753,3
SAS-5581743944,2604042345,120577753,3
SAS-5581743944,2604042347,120577753,3
SAS-5581743944,2604042348,120577753,3
SAS-5581743944,2604042285,120577754,2
SAS-5581743944,2604042281,120577754,2
SAS-5581743944,2604042286,120577754,2
SAS-5581743944,2604042289,120577754,2
SAS-5581743944,2604042275,120577754,2
SAS-5581743944,2604042280,120577754,2
SAS-5581743944,2604042276,120577754,2
SAS-5581743944,2604032305,120577754,2
SAS-5581743944,2604032299,120577754,2
SAS-5581743944,2604032266,120577754,2
SAS-5581743944,2604032265,120577754,2
SAS-5581743944,2604032267,120577754,2
SAS-5581743944,2604032252,120578241,2
SAS-5581743944,2604032253,120578241,1
SAS-5581743944,2604032251,120578241,2
SAS-5581743944,2604061225,120047881,4
SAS-5581743944,2604061229,120047881,4
SAS-5581743944,2604061230,120047881,4
SAS-5581743944,2604061231,120047881,4
SAS-5581743944,2604061379,120047881,4
SAS-5581743944,2604061378,120047881,4
SAS-5581743944,2604061411,120047881,5
SAS-5581743944,2604061392,120047881,5
SAS-5581743944,2604061377,120047881,4
SAS-5581743944,2603260645,120534552,15
SAS-5581743944,2603310220,120576753,5
SAS-5581743944,2603250714,120058402,5
SAS-5581743944,2603250708,120058402,5
SAS-5581743944,2603270361,120211328,108
SAS-5581743944,2604031226,120047881,5
SAS-5581743944,2604031227,120047881,5
SAS-5581743944,2604050208,120048845,4
SAS-5581743944,2604050207,120048845,5
SAS-5581743944,2604050202,120048845,5
SAS-5581743944,2603260642,120210504,12
SAS-5581743944,2604032308,120577756,2
SAS-5581743944,2604042359,120577753,3
SAS-5581743944,2604042272,120577754,2
SAS-5581743944,2604042370,120577755,2
SAS-5581743944,2604042369,120577755,2
SAS-5581743944,2604042368,120577755,2
SAS-5581743944,2604042367,120577755,2
SAS-5581743944,2604042274,120577754,2
SAS-5581743944,2604042273,120577754,2
SAS-5581743944,2604032032,120577756,2
SAS-5581743944,2604032030,120577756,2
SAS-5581743944,2604032152,120577756,2
SAS-5581743944,2604032029,120577756,2
SAS-5581743944,2604032028,120577756,2
SAS-5581743944,2604032014,120577756,2
SAS-5581743944,2604032015,120577756,2
SAS-5581743944,2604032016,120577756,2
SAS-5581743944,2604032017,120577756,2
SAS-5581743944,2604042365,120577754,2
SAS-5581743944,2604042364,120577754,2
SAS-5581743944,2604032013,120577756,2
SAS-5581743944,2604032010,120577756,2
SAS-5581743944,2604032009,120577756,2
SAS-5581743944,2604032011,120577756,2
SAS-5581743944,2604042366,120577755,2
SAS-5581743944,2604042267,120577756,1
SAS-5581743944,2604042271,120577754,2
SAS-5581743944,2604042277,120577754,2
SAS-5581743944,2604032306,120577756,2
SAS-5581743944,2604032369,120577754,2
SAS-5581743944,2604032376,120577754,2
SAS-5581743944,2604032289,120577754,2
SAS-5581743944,2604032378,120577754,2
SAS-5581743944,2604032285,120577754,2
SAS-5581743944,2604032290,120577754,2
SAS-5581743944,2604032291,120577754,2
SAS-5581743944,2604032333,120577754,2
SAS-5581743944,2604032334,120577754,2
SAS-5581743944,2604080989,120507296,36
SAS-5581743944,2604080967,120507296,36
SAS-5581743944,2604080966,120507296,36
SAS-5581743944,2604080991,120507296,36
SAS-5581743944,2604080965,120507296,36
SAS-5581743944,2604080990,120507296,36
SAS-5581743944,2604032298,120577754,2
SAS-5581743944,2604032301,120577754,2
SAS-5581743944,2604032300,120577754,2
SAS-5581743944,2604032368,120577754,2
SAS-5581743944,2604032321,120577754,2
SAS-5581743944,2604032322,120577754,2
SAS-5581743944,2604032323,120577754,2
SAS-5581743944,2604032324,120577754,2
SAS-5581743944,2604032375,120577754,2
SAS-5581743944,2604032348,120577753,2
SAS-5581743944,2604032264,120577754,2
SAS-5581743944,2604032262,120577754,2
SAS-5581743944,2604032296,120577754,2
SAS-5581743944,2604032263,120577754,2
SAS-5581743944,2604032260,120577754,2
SAS-5581743944,2604032377,120577754,2
SAS-5581743944,2604081007,120507296,36
SAS-5581743944,2604081004,120507296,36
SAS-5581743944,2604080976,120507296,36
SAS-5581743944,2604080975,120507296,36
SAS-5581743944,2604081005,120507296,36
SAS-5581743944,2604081001,120507296,36
SAS-5581743944,2604081003,120507296,36
SAS-5581743944,2604081000,120507296,36
SAS-5581743944,2604080997,120507296,36
SAS-5581743944,2604080995,120507296,36
SAS-5581743944,2604081267,120507296,25
SAS-5581743944,2604080993,120507296,36
SAS-5581743944,2604080972,120507296,36
SAS-5581743944,2604080977,120507296,36
SAS-5581743944,2604080962,120507296,36
SAS-5581743944,2604080970,120507296,36
SAS-5581743944,2604080969,120507296,36
SAS-5581743944,2604080961,120507296,36
SAS-5581743944,2604080964,120507296,36
SAS-5581743944,2604080963,120507296,36
SAS-5581743944,2604080959,120507296,36
SAS-5581743944,2604080958,120507296,36
SAS-5581743944,2604080960,120507296,36
SAS-5581743944,2604081275,120507296,28
SAS-5581743944,2604081268,120507296,36
SAS-5581743944,2604080992,120507296,36
SAS-5581743944,2604080994,120507296,36
SAS-5581743944,2604080988,120507296,36
SAS-5581743944,2604081273,120507296,36
SAS-5581743944,2604081271,120507296,36
SAS-5581743944,2604081274,120507296,36
SAS-5581743944,2604040087,120577755,2
SAS-5581743944,2604072633,120238611,109
SAS-5581743944,2604072665,120575364,108
SAS-5581743944,2604072576,120575364,109
SAS-5581743944,2604072578,120575364,110
SAS-5581743944,2604072574,120575364,109
SAS-5581743944,2604072594,120575364,109
SAS-5581743944,2604072575,120575364,109
SAS-5581743944,2604072577,120575364,109
SAS-5581743944,2604072691,120568913,109
SAS-5581743944,2604072675,120547525,108
SAS-5581743944,2604072670,120238611,108
SAS-5581743944,2604072595,120575364,109
SAS-5581743944,2604072735,120565279,108
SAS-5581743944,2604072725,120576991,108
SAS-5581743944,2604072730,120568912,108
SAS-5581743944,2604072592,120575364,109
SAS-5581743944,2604072593,120575364,109
SAS-5581743944,2604072596,120575364,109
SAS-5581743944,2604072603,120575364,109
SAS-5581743944,2604072604,120575364,109
SAS-5581743944,2604072622,120575364,109
SAS-5581743944,2604072621,120575364,109
SAS-5581743944,2604072605,120575364,109
SAS-5581743944,2604072705,120563803,109
SAS-5581743944,2604072709,120563803,109
SAS-5581743944,2604072702,120245701,109
SAS-5581743944,2604072710,120563803,109
SAS-5581743944,2604072724,120576991,108
SAS-5581743944,2604072733,120565279,108
SAS-5581743944,2604072734,120565279,108
SAS-5581743944,2604072759,120565516,106
SAS-5581743944,2604040086,120577755,2
SAS-5581743944,2604040085,120577755,2
SAS-5581743944,2604040083,120577755,2
SAS-5581743944,2604040082,120577755,2
SAS-5581743944,2604080973,120507296,36
SAS-5581743944,2604081188,120507296,36
SAS-5581743944,2604080980,120507296,36
SAS-5581743944,2604081272,120507296,36
SAS-5581743944,2604080979,120507296,36
SAS-5581743944,2604081270,120507296,36
SAS-5581743944,2604081269,120507296,36
SAS-5581743944,2604081189,120507296,36
SAS-5581743944,2604081187,120507296,36
SAS-5581743944,2604081190,120507296,36
SAS-5581743944,2604081197,120507296,36
SAS-5581743944,2604081198,120507296,36
SAS-5581743944,2604072669,120238611,108
SAS-5581743944,2604072672,120238611,108
SAS-5581743944,2603301701,120576754,10
SAS-5581743944,2604080983,120507296,36
SAS-5581743944,2604081192,120507296,36
SAS-5581743944,2604081193,120507296,36
SAS-5581743944,2604081191,120507296,36
SAS-5581743944,2604080986,120507296,36
SAS-5581743944,2604080985,120507296,36
SAS-5581743944,2604080982,120507296,36
SAS-5581743944,2604080987,120507296,36
SAS-5581743944,2604081195,120507296,36
SAS-5581743944,2604081196,120507296,36
SAS-5581743944,2604081186,120507296,36
SAS-5581743944,2604081199,120507296,36
SAS-5581743944,2604091629,120568080,110
SAS-5581743944,2604091630,120568080,110
SAS-5581743944,2604091628,120568080,110
SAS-5581743944,2604091631,120568080,110
SAS-5581743944,2604091701,120551942,113
SAS-5581743944,2604091702,120551942,113
SAS-5581743944,2604091746,120551942,113
SAS-5581743944,2604091745,120551942,113
SAS-5581743944,2604082186,120577931,108
SAS-5581743944,2604082195,120577929,108
SAS-5581743944,2604082187,120577931,108
SAS-5581743944,2604082192,120577929,108
SAS-5581743944,2604082193,120577929,108
SAS-5581743944,2604091670,120210363,110
SAS-5581743944,2604091693,120210362,109
SAS-5581743944,2604091688,120210362,109
SAS-5581743944,2604091400,120554968,108
SAS-5581743944,2604091453,120568079,90
SAS-5581743944,2604091444,120568079,100
SAS-5581743944,2604091445,120568079,100
SAS-5581743944,2604091403,120201418,108
SAS-5581743944,2604091413,120201418,108
SAS-5581743944,2604091407,120201418,108
SAS-5581743944,2604091402,120201418,108
SAS-5581743944,2604091425,120201418,107
SAS-5581743944,2604091412,120201418,108
SAS-5581743944,2604091430,120201418,106
SAS-5581743944,2604091424,120201418,107
SAS-5581743944,2604091437,120566847,106
SAS-5581743944,2604091440,120566847,106
SAS-5581743944,2604091438,120566847,106
SAS-5581743944,2604091439,120566847,106
SAS-5581743944,2604091434,120566847,106
SAS-5581743944,2604091690,120210362,109
SAS-5581743944,2604090501,121010783,375
SAS-5581743944,2604090502,121010783,375
SAS-5581743944,2604090650,121010783,375
SAS-5581743944,2604090385,121010783,375
SAS-5581743944,2604090383,121010783,375
SAS-5581743944,2604090386,121010783,375
SAS-5581743944,2604090384,121010783,375
SAS-5581743944,2604090562,121010783,375
SAS-5581743944,2604090651,121010783,375
SAS-5581743944,2604090338,121010783,375
SAS-5581743944,2604090565,121010783,375
SAS-5581743944,2604090563,121010783,375
SAS-5581743944,2604090339,121010783,375
SAS-5581743944,2604090652,121010783,375
SAS-5581743944,2604090564,121010783,375
SAS-5581743944,2604090340,121010783,375
SAS-5581743944,2604090499,121010783,375
SAS-5581743944,2604090341,121010783,375
SAS-5581743944,2604090500,121010783,375
SAS-5581743944,2604090344,121010783,375
SAS-5581743944,2604090343,121010783,375
SAS-5581743944,2604090443,121010783,229
SAS-5581743944,2604090739,121010783,315
SAS-5581743944,2604082196,120578470,108
SAS-5581743944,2604082194,120577929,108
SAS-5581743944,2604082200,120575365,103
SAS-5581743944,2604082199,120578471,106
SAS-5581743944,2604082197,120575365,108
SAS-5581743944,2604082198,120577696,106
SAS-5581743944,2604091704,120551942,113
SAS-5581743944,2604091705,120551942,113
SAS-5581743944,2604091686,120210362,109
SAS-5581743944,2604091687,120210362,109
SAS-5581743944,2604100778,120560460,107
SAS-5581743944,2604100773,120560460,107
SAS-5581743944,2604072661,120565516,108
SAS-5581743944,2604072660,120238611,108
SAS-5581743944,2604100799,120560460,109
SAS-5581743944,2604100798,120560460,109
SAS-5581743944,2604100777,120560460,107
SAS-5581743944,2604072731,120565279,108
SAS-5581743944,2604082179,120578471,108
SAS-5581743944,2604082178,120578471,108
SAS-5581743944,2604082177,120578471,108
SAS-5581743944,2604082150,120577932,108
SAS-5581743944,2604082136,120577696,108
SAS-5581743944,2604082135,120577696,108
SAS-5581743944,2604082132,120577696,102
SAS-5581743944,2604082140,120577696,109
SAS-5581743944,2604082137,120577696,109
SAS-5581743944,2604091689,120210362,109
SAS-5581743944,2604091936,120560740,114
SAS-5581743944,2604061171,120240820,75
SAS-5581743944,2604092357,121010783,375
SAS-5581743944,2604092356,121010783,375
SAS-5581743944,2604061172,120240820,75
SAS-5581743944,2604061174,120240820,75
SAS-5581743944,2604092355,121010783,375
SAS-5581743944,2604061168,120240820,75
SAS-5581743944,2604081006,120507296,36
SAS-5581743944,2604091380,120554968,108
SAS-5581743944,2604091541,120201286,112
SAS-5581743944,2604091535,120201286,110
SAS-5581743944,2604092361,121010783,375
SAS-5581743944,2604092362,121010783,375
SAS-5581743944,2604092359,121010783,375
SAS-5581743944,2604092364,121010783,375
SAS-5581743944,2604092358,121010783,375
SAS-5581743944,2604092363,121010783,375
SAS-5581743944,2604091645,120552170,112
SAS-5581743944,2604091646,120552170,112
SAS-5581743944,2604091641,120207206,112
SAS-5581743944,2604091917,120578958,114
SAS-5581743944,2604091931,120578958,114
SAS-5581743944,2604100776,120560460,107
SAS-5581743944,2604091571,120201288,113
SAS-5581743944,2604091562,120201287,113
SAS-5581743944,2604091560,120201287,112
SAS-5581743944,2604091559,120201287,112
SAS-5581743944,2604091528,120201286,110
SAS-5581743944,2604091527,120201286,110
SAS-5581743944,2604091552,120201287,112
SAS-5581743944,2604091551,120201286,112
SAS-5581743944,2604091553,120201287,112
SAS-5581743944,2604091531,120201286,108
SAS-5581743944,2604091561,120201287,112
SAS-5581743944,2604091542,120201286,112
SAS-5581743944,2604091550,120201286,112
SAS-5581743944,2604091523,120201286,110
SAS-5581743944,2604091458,120568079,90
SAS-5581743944,2604091534,120201286,110
SAS-5581743944,2604091651,120568716,113
SAS-5581743944,2604091623,120568079,110
SAS-5581743944,2604100835,120552048,108
SAS-5581743944,2604100843,120552048,108
SAS-5581743944,2604100837,120552048,108
SAS-5581743944,2604100774,120560460,107
SAS-5581743944,2604100775,120560460,107
SAS-5581743944,2604100771,120552682,107
SAS-5581743944,2604100769,120552682,107
SAS-5581743944,2604100770,120552682,107
SAS-5581743944,2604091685,120210362,109
SAS-5581743944,2604091703,120551942,113
SAS-5581743944,2604091766,120551942,114
SAS-5581743944,2604100825,120550515,108
SAS-5581743944,2604100824,120550515,108
SAS-5581743944,2604100823,120550515,108
SAS-5581743944,2604072732,120565279,108
SAS-5581743944,2604100800,120560460,109
SAS-5581743944,2604100816,120560739,109
SAS-5581743944,2604100818,120560739,109
SAS-5581743944,2604100817,120560739,109
SAS-5581743944,2604100834,120552048,108
SAS-5581743944,2604100833,120552048,108
SAS-5581743944,2604100836,120552048,108
SAS-5581743944,2604100842,120552048,108
SAS-5581743944,2604091377,120554968,108
SAS-5581743944,2604091399,120554968,109
SAS-5581743944,2604091379,120554968,108
SAS-5581743944,2604102361,120201284,112
SAS-5581743944,2604102365,120201284,112
SAS-5581743944,2604102366,120201284,112
SAS-5581743944,2604102347,120210364,112
SAS-5581743944,2604102360,120201284,112
SAS-5581743944,2604102346,120210364,112
SAS-5581743944,2604102270,120201284,112
SAS-5581743944,2604102314,120226389,112
SAS-5581743944,2604102315,120226389,112
SAS-5581743944,2604102272,120201284,112
SAS-5581743944,2604102271,120201284,112
SAS-5581743944,2604102274,120201284,112
SAS-5581743944,2604102273,120201284,112
SAS-5581743944,2604102276,120201284,112
SAS-5581743944,2604102275,120201284,112
SAS-5581743944,2604102242,120201283,112
SAS-5581743944,2604102241,120201283,112
SAS-5581743944,2604102240,120201283,112
SAS-5581743944,2604102243,120201283,112
SAS-5581743944,2604140675,120565031,108
SAS-5581743944,2604140673,120565031,108
SAS-5581743944,2604131908,120244980,108
SAS-5581743944,2604141119,120543669,6
SAS-5581743944,2604141105,120562029,10
SAS-5581743944,2604141023,120562029,10
SAS-5581743944,2604141025,120543669,6
SAS-5581743944,2604141020,120562029,10
SAS-5581743944,2604141014,120562029,10
SAS-5581743944,2604141756,121020880,108
SAS-5581743944,2604141755,121020880,108
SAS-5581743944,2604141754,121020880,108
SAS-5581743944,2604141742,121020880,107
SAS-5581743944,2604141783,121020880,108
SAS-5581743944,2604141782,121020880,108
SAS-5581743944,2604141792,121020889,107
SAS-5581743944,2604141793,121020889,107
SAS-5581743944,2604141776,121020880,108
SAS-5581743944,2604141774,121020880,108
SAS-5581743944,2604141775,121020880,108
SAS-5581743944,2604141743,121020880,107
SAS-5581743944,2604141744,121020880,107
SAS-5581743944,2604141801,121020889,107
SAS-5581743944,2604141798,121020889,107
SAS-5581743944,2604141584,121020880,106
SAS-5581743944,2604141590,121020880,106
SAS-5581743944,2604141588,121020880,106
SAS-5581743944,2604141589,121020880,106
SAS-5581743944,2604141587,121020880,106
SAS-5581743944,2604141591,121020880,106
SAS-5581743944,2604141582,121020880,104
SAS-5581743944,2604141583,121020880,106
SAS-5581743944,2604141580,121020880,103
SAS-5581743944,2604131849,120238611,107
SAS-5581743944,2604131883,120546587,108
SAS-5581743944,2604131882,120546587,108
SAS-5581743944,2604131850,120238611,107
SAS-5581743944,2604140676,120565031,108
SAS-5581743944,2604140643,120206528,108
SAS-5581743944,2604140641,120244980,107
SAS-5581743944,2604140642,120206528,108
SAS-5581743944,2604140646,120206528,108
SAS-5581743944,2604140647,120206528,108
SAS-5581743944,2604140645,120206528,108
SAS-5581743944,2604140644,120206528,108
SAS-5581743944,2604140649,120206528,108
SAS-5581743944,2604140690,120562134,108
SAS-5581743944,2604140686,120565031,108
SAS-5581743944,2604140688,120565031,108
SAS-5581743944,2604140677,120565031,108
SAS-5581743944,2604140648,120206528,108
SAS-5581743944,2604140672,120565031,108
SAS-5581743944,2604140674,120565031,108
SAS-5581743944,2604140640,120244980,107
SAS-5581743944,2604140687,120565031,108
SAS-5581743944,2604131879,120546587,108
SAS-5581743944,2604131881,120546587,108
SAS-5581743944,2604131880,120546587,108
SAS-5581743944,2604140613,120244980,104
SAS-5581743944,2604140609,120568912,107
SAS-5581743944,2604131846,120238611,107
SAS-5581743944,2604131899,120546587,108
SAS-5581743944,2604131848,120238611,107
SAS-5581743944,2604131847,120238611,107
SAS-5581743944,2604131900,120546587,108
SAS-5581743944,2604131906,120546587,108
SAS-5581743944,2604140705,120579418,113
SAS-5581743944,2604140704,120579418,113
SAS-5581743944,2604140703,120579418,113
SAS-5581743944,2604140602,120562134,107
SAS-5581743944,2604140614,120244980,104
SAS-5581743944,2604140639,120244980,105
SAS-5581743944,2604132067,120577244,30
SAS-5581743944,2604140449,120577244,30
SAS-5581743944,2604140414,120577244,30
SAS-5581743944,2604140486,120577244,30
SAS-5581743944,2604140591,120577244,30
SAS-5581743944,2604140413,120577244,30
SAS-5581743944,2604140408,120577244,30
SAS-5581743944,2604140032,120577244,30
SAS-5581743944,2604140411,120577244,30
SAS-5581743944,2604140410,120577244,30
SAS-5581743944,2604140412,120577244,30
SAS-5581743944,2604140555,120577244,30
SAS-5581743944,2604140552,120577244,30
SAS-5581743944,2604141127,120562029,10
SAS-5581743944,2604141209,120562029,10
SAS-5581743944,2604141210,120543669,6
SAS-5581743944,2604141219,120562029,8
SAS-5581743944,2604141220,120562029,8
SAS-5581743944,2604140471,120577244,30
SAS-5581743944,2604140417,120577244,28
SAS-5581743944,2604132048,120577244,25
SAS-5581743944,2604140366,120577244,30
SAS-5581743944,2604140534,120560749,89
SAS-5581743944,2604140533,120560749,89
SAS-5581743944,2604140547,120560749,89
SAS-5581743944,2604140559,120560749,85
SAS-5581743944,2604140566,120560749,65
SAS-5581743944,2604140560,120560749,79
SAS-5581743944,2604140532,120560749,89
SAS-5581743944,2604140507,120562830,89
SAS-5581743944,2604140506,120562830,89
SAS-5581743944,2604140505,120562830,89
SAS-5581743944,2604140535,120560749,89
SAS-5581743944,2604131851,120238611,107
SAS-5581743944,2604131839,120238611,107
SAS-5581743944,2604140536,120560749,89
SAS-5581743944,2604102211,120201288,108
SAS-5581743944,2604102202,120201288,109
SAS-5581743944,2604102203,120201288,109
SAS-5581743944,2604130744,120560337,70
SAS-5581743944,2604130745,120560337,111
SAS-5581743944,2604130743,120201289,115
SAS-5581743944,2604130742,120201289,115
SAS-5581743944,2604150024,120550547,109
SAS-5581743944,2604140545,120577244,30
SAS-5581743944,2604140052,120577244,30
SAS-5581743944,2604140409,120577244,30
SAS-5581743944,2604140539,120577244,30
SAS-5581743944,2604140476,120577244,30
SAS-5581743944,2604140466,120577244,30
SAS-5581743944,2604141221,120543669,6
SAS-5581743944,2604140077,120577244,30
SAS-5581743944,2604140017,120577244,30
SAS-5581743944,2604140027,120577244,30
SAS-5581743944,2604140082,120577244,30
SAS-5581743944,2604140459,120577244,30
SAS-5581743944,2604140046,120577244,30
SAS-5581743944,2604140406,120577244,30
SAS-5581743944,2604140509,120577244,30
SAS-5581743944,2604140537,120577244,30
SAS-5581743944,2604140070,120577244,30
SAS-5581743944,2604140454,120577244,30
SAS-5581743944,2604140474,120577244,30
SAS-5581743944,2604140044,120577244,30
SAS-5581743944,2604152905,120201287,111
SAS-5581743944,2604152892,120201287,111
SAS-5581743944,2604152944,120201287,111
SAS-5581743944,2604152943,120201287,111
SAS-5581743944,2604152907,120201287,111
SAS-5581743944,2604152908,120201287,111
SAS-5581743944,2604152936,121020881,105
SAS-5581743944,2604152935,121020881,105
SAS-5581743944,2604152942,121020881,105
SAS-5581743944,2604152923,121020881,105
SAS-5581743944,2604152924,121020881,105
SAS-5581743944,2604152911,121020881,105
SAS-5581743944,2604152912,121020881,105
SAS-5581743944,2604152934,121020881,105
SAS-5581743944,2604152897,121020882,105
SAS-5581743944,2604152896,121020882,105
SAS-5581743944,2604152885,121020882,101
SAS-5581743944,2604152886,121020882,101
SAS-5581743944,2604152895,121020882,105
SAS-5581743944,2604152962,121020881,105
SAS-5581743944,2604160083,120568574,67
SAS-5581743944,2604160084,120568574,67
SAS-5581743944,2604152910,121020881,105
SAS-5581743944,2604152922,121020881,105
SAS-5581743944,2604152996,120201288,112
SAS-5581743944,2604153002,120201288,112
SAS-5581743944,2604152999,120201288,112
SAS-5581743944,2604152998,120201288,112
SAS-5581743944,2604152989,120201288,112
SAS-5581743944,2604152997,120201288,112
SAS-5581743944,2604152988,120201288,112
SAS-5581743944,2604152987,120201288,112
SAS-5581743944,2604153041,120201287,113
SAS-5581743944,2604153040,120201287,113
SAS-5581743944,2604153039,120201287,113
SAS-5581743944,2604153012,120201287,113
SAS-5581743944,2604153011,120201287,113
SAS-5581743944,2604152904,120201287,111
SAS-5581743944,2604152906,120201287,111
SAS-5581743944,2604152890,120201287,111
SAS-5581743944,2604152891,120201287,111
SAS-5581743944,2604152888,120201287,111
SAS-5581743944,2604152889,120201287,111
SAS-5581743944,2604152808,120201287,111
SAS-5581743944,2604153009,120201287,113
SAS-5581743944,2604152995,120201288,112
SAS-5581743944,2604153010,120201287,113
SAS-5581743944,2604152809,120201287,111
SAS-5581743944,2604152807,120201287,111
SAS-5581743944,2604152806,120201287,111
SAS-5581743944,2604170531,120509566,35
SAS-5581743944,2604170578,120509566,35
SAS-5581743944,2604170480,120509566,35
SAS-5581743944,2604170440,120509566,35
SAS-5581743944,2604170484,120509566,35
SAS-5581743944,2604170517,120509566,35
SAS-5581743944,2604170473,120509566,35
SAS-5581743944,2604170489,120509566,35
SAS-5581743944,2604170429,120509566,24
SAS-5581743944,2604170450,120509566,35
SAS-5581743944,2604170585,120509566,35
SAS-5581743944,2604170461,120509566,35
SAS-5581743944,2604171136,120562028,3
SAS-5581743944,2604171134,120562028,10
SAS-5581743944,2604171128,120562028,10
SAS-5581743944,2604171119,120562028,10
SAS-5581743944,2604171114,120562028,10
SAS-5581743944,2604171110,120562028,10
SAS-5581743944,2604171109,120562028,10
SAS-5581743944,2604171102,120562028,10
SAS-5581743944,2604171097,120562028,10
SAS-5581743944,2604171087,120562028,10
SAS-5581743944,2604170619,120509566,35
SAS-5581743944,2604170602,120509566,35
SAS-5581743944,2604170621,120509566,35
SAS-5581743944,2604170608,120509566,35
SAS-5581743944,2604170516,120509566,35
SAS-5581743944,2604170471,120509566,35
SAS-5581743944,2604170463,120509566,35
SAS-5581743944,2604170499,120509566,35
SAS-5581743944,2604170620,120509566,35
SAS-5581743944,2604170500,120509566,35
SAS-5581743944,2604170595,120509566,35
SAS-5581743944,2604170532,120509566,35
SAS-5581743944,2604170433,120509566,27
SAS-5581743944,2604170505,120509566,35
SAS-5581743944,2604170624,120509566,35
SAS-5581743944,2604170477,120509566,35
SAS-5581743944,2604170435,120509566,35
SAS-5581743944,2604170623,120509566,35
SAS-5581743944,2604170452,120509566,35
SAS-5581743944,2604170494,120509566,35
SAS-5581743944,2604170509,120509566,35
SAS-5581743944,2604170503,120509566,35
SAS-5581743944,2604201091,120507297,36
SAS-5581743944,2604201010,120507297,36
SAS-5581743944,2604201008,120507297,36
SAS-5581743944,2604201003,120507297,36
SAS-5581743944,2604200923,120507297,36
SAS-5581743944,2604200921,120507297,36
SAS-5581743944,2604200917,120507297,36
SAS-5581743944,2604201005,120507297,36
SAS-5581743944,2604200915,120507297,36
SAS-5581743944,2604200916,120507297,36
SAS-5581743944,2604201007,120507297,36
SAS-5581743944,2604201002,120507297,36
SAS-5581743944,2604200904,120507297,36
SAS-5581743944,2604200905,120507297,36
SAS-5581743944,2604201009,120507297,36
SAS-5581743944,2604201006,120507297,36
SAS-5581743944,2604200926,120507297,36
SAS-5581743944,2604200925,120507297,36
SAS-5581743944,2604201004,120507297,36
SAS-5581743944,2604200924,120507297,36
SAS-5581743944,2604201011,120507297,36
SAS-5581743944,2604201092,120507297,36
SAS-5581743944,2604201093,120507297,36
SAS-5581743944,2604201094,120507297,36
SAS-5581743944,2604201436,120507297,36
SAS-5581743944,2604180592,120562829,70
SAS-5581743944,2604181048,120562028,6
SAS-5581743944,2604181049,120562028,6
SAS-5581743944,2604171251,120543668,7
SAS-5581743944,2604171253,120543668,7
SAS-5581743944,2604171254,120543668,7
SAS-5581743944,2604171279,120543668,2
SAS-5581743944,2604171184,120543668,7
SAS-5581743944,2604171218,120543668,7
SAS-5581743944,2604171220,120543668,7
SAS-5581743944,2604171222,120543668,7
SAS-5581743944,2604210253,120507296,36
SAS-5581743944,2604210431,120507296,36
SAS-5581743944,2604210256,120507296,36
SAS-5581743944,2604210229,120507296,36
SAS-5581743944,2604210230,120507296,36
SAS-5581743944,2604210255,120507296,36
SAS-5581743944,2604201435,120507297,36
SAS-5581743944,2604210238,120507296,36
SAS-5581743944,2604210231,120507296,36
SAS-5581743944,2604201432,120507297,36
SAS-5581743944,2604210434,120507296,36
SAS-5581743944,2604210237,120507296,36
SAS-5581743944,2604201433,120507297,36
SAS-5581743944,2604210234,120507296,36
SAS-5581743944,2604210228,120507296,36
SAS-5581743944,2604201437,120507297,36
SAS-5581743944,2604201248,120507297,36
SAS-5581743944,2604210235,120507296,36
SAS-5581743944,2604201244,120507297,36
SAS-5581743944,2604201252,120507297,36
SAS-5581743944,2604170766,120562829,91
SAS-5581743944,2604170767,120562829,91
SAS-5581743944,2604170773,120562829,91
SAS-5581743944,2604170774,120562829,91
SAS-5581743944,2604170769,120562829,91
SAS-5581743944,2604170768,120562829,91
SAS-5581743944,2604170776,120562829,91
SAS-5581743944,2604170775,120562829,91
SAS-5581743944,2604170779,120563065,90
SAS-5581743944,2604170777,120562829,91
SAS-5581743944,2604170780,120563065,90
SAS-5581743944,2604171268,120562829,91
SAS-5581743944,2604171269,120562829,91
SAS-5581743944,2604171081,120562028,10
SAS-5581743944,2604171078,120562028,10
SAS-5581743944,2604171073,120562028,10
SAS-5581743944,2604171053,120562028,10
SAS-5581743944,2604171044,120562028,10
SAS-5581743944,2604201431,120507297,36
SAS-5581743944,2604210440,120507296,36
SAS-5581743944,2604210258,120507296,36
SAS-5581743944,2604210248,120507296,36
SAS-5581743944,2604210800,120507296,36
SAS-5581743944,2604210425,120507296,36
SAS-5581743944,2604210441,120507296,36
SAS-5581743944,2604210436,120507296,36
SAS-5581743944,2604210801,120507296,36
SAS-5581743944,2604210803,120507296,36
SAS-5581743944,2604210676,120507296,36
SAS-5581743944,2604210438,120507296,36
SAS-5581743944,2604210808,120507296,36
SAS-5581743944,2604210804,120507296,36
SAS-5581743944,2604210446,120507296,36
SAS-5581743944,2604210675,120507296,36
SAS-5581743944,2604210809,120507296,36
SAS-5581743944,2604210806,120507296,36
SAS-5581743944,2604210678,120507296,36
SAS-5581743944,2604210444,120507296,36
SAS-5581743944,2604210807,120507296,36
SAS-5581743944,2604210677,120507296,36
SAS-5581743944,2604210674,120507296,36
SAS-5581743944,2604210802,120507296,36
SAS-5581743944,2604210798,120507296,36
SAS-5581743944,2604210673,120507296,36
SAS-5581743944,2604210424,120507296,36
SAS-5581743944,2604210233,120507296,36
SAS-5581743944,2604210257,120507296,36
SAS-5581743944,2604210242,120507296,36
SAS-5581743944,2604210430,120507296,36
SAS-5581743944,2604210251,120507296,36
SAS-5581743944,2604210243,120507296,36
SAS-5581743944,2604210437,120507296,36
SAS-5581743944,2604210252,120507296,36
SAS-5581743944,2604210240,120507296,36
SAS-5581743944,2604210429,120507296,36
SAS-5581743944,2604210250,120507296,36
SAS-5581743944,2604210241,120507296,36
SAS-5581743944,2604210246,120507296,36
SAS-5581743944,2604210433,120507296,36
SAS-5581743944,2604210443,120507296,36
SAS-5581743944,2604210435,120507296,36
SAS-5581743944,2604210249,120507296,36
SAS-5581743944,2604210244,120507296,36
SAS-5581743944,2604210442,120507296,36
SAS-5581743944,2604210439,120507296,36
SAS-5581743944,2604210426,120507296,36
SAS-5581743944,2604210245,120507296,36
SAS-5581743944,2604210247,120507296,36
SAS-5581743944,2604210428,120507296,36
SAS-5581743944,2604220231,120579486,2
SAS-5581743944,2604220237,120579485,2
SAS-5581743944,2604220263,120579484,2
SAS-5581743944,2604220261,120579484,2
SAS-5581743944,2604220257,120579484,2
SAS-5581743944,2604220239,120579485,2
SAS-5581743944,2604220242,120579485,2
SAS-5581743944,2604220243,120579485,2
SAS-5581743944,2604220156,120579484,2
SAS-5581743944,2604220157,120579484,2
SAS-5581743944,2604220167,120579484,2
SAS-5581743944,2604220258,120579484,2
SAS-5581743944,2604220241,120579484,2
SAS-5581743944,2604220229,120579484,2
SAS-5581743944,2604220315,120579485,2
SAS-5581743944,2604220307,120579485,2
SAS-5581743944,2604220300,120579485,2
SAS-5581743944,2604220299,120579485,2
SAS-5581743944,2604212830,120579483,1
SAS-5581743944,2604212821,120579483,2
SAS-5581743944,2604212820,120579483,2
SAS-5581743944,2604220288,120579484,1
SAS-5581743944,2604220176,120579484,2
SAS-5581743944,2604220050,120579484,2
SAS-5581743944,2604220054,120579484,2
SAS-5581743944,2604220055,120579484,2
SAS-5581743944,2604220074,120579482,2
SAS-5581743944,2604220064,120579482,2
SAS-5581743944,2604220065,120579482,2
SAS-5581743944,2604220067,120579482,2
SAS-5581743944,2604220070,120579482,2
SAS-5581743944,2604220071,120579482,2
SAS-5581743944,2604220075,120579482,1
SAS-5581743944,2604220254,120579485,2
SAS-5581743944,2604220256,120579485,2
SAS-5581743944,2604220259,120579485,2
SAS-5581743944,2604220265,120579484,2
SAS-5581743944,2604220266,120579484,2
SAS-5581743944,2604220063,120579482,2
SAS-5581743944,2604220087,120579485,2
SAS-5581743944,2604220086,120579485,2
SAS-5581743944,2604220082,120579485,2
SAS-5581743944,2604220081,120579485,2
SAS-5581743944,2604220088,120579485,2
SAS-5581743944,2604220212,120579484,2
SAS-5581743944,2604212804,120579483,2
SAS-5581743944,2604212863,120579483,1
SAS-5581743944,2604212856,120579483,2
SAS-5581743944,2604212855,120579483,2
SAS-5581743944,2604212847,120579483,2
SAS-5581743944,2604212846,120579483,2
SAS-5581743944,2604212845,120579483,2
SAS-5581743944,2604213071,120579482,2
SAS-5581743944,2604213068,120579483,1
SAS-5581743944,2604213067,120579483,2
SAS-5581743944,2604213066,120579483,2
SAS-5581743944,2604213059,120579483,2
SAS-5581743944,2604213058,120579483,2
SAS-5581743944,2604213057,120579483,2
SAS-5581743944,2604213056,120579483,2
SAS-5581743944,2604213034,120579483,2
SAS-5581743944,2604213025,120579483,2
SAS-5581743944,2604213031,120579483,2
SAS-5581743944,2604213055,120579482,2
SAS-5581743944,2604213054,120579482,2
SAS-5581743944,2604213041,120579482,2
SAS-5581743944,2604213036,120579482,2
SAS-5581743944,2604212806,120579483,2
SAS-5581743944,2604220276,120579484,2
SAS-5581743944,2604220274,120579484,2
SAS-5581743944,2604220272,120579484,2
SAS-5581743944,2604220271,120579484,2
SAS-5581743944,2604220178,120579484,2
SAS-5581743944,2604220169,120579484,2
SAS-5581743944,2604220166,120579484,2
SAS-5581743944,2604220163,120579484,2
SAS-5581743944,2604220162,120579484,2
SAS-5581743944,2604220210,120579484,2
SAS-5581743944,2604220204,120579484,2
SAS-5581743944,2604220183,120579484,2
SAS-5581743944,2604220182,120579484,2
SAS-5581743944,2604220180,120579484,2
SAS-5581743944,2604220230,120579486,2
SAS-5581743944,2604220226,120579486,1
SAS-5581743944,2604220218,120579486,2
SAS-5581743944,2604220215,120579484,2
SAS-5581743944,2604220213,120579484,2
SAS-5581743944,2604212813,120579483,2
SAS-5581743944,2604212810,120579483,2
SAS-5581743944,2604212809,120579483,2
SAS-5581743944,2604220084,120579484,2
SAS-5581743944,2604210239,120507296,36
SAS-5581743944,2604201251,120507297,36
SAS-5581743944,2604201243,120507297,36
SAS-5581743944,2604201442,120507297,36
SAS-5581743944,2604201245,120507297,36
SAS-5581743944,2604201247,120507297,36
SAS-5581743944,2604201441,120507297,36
SAS-5581743944,2604201246,120507297,36
SAS-5581743944,2604201430,120507297,36
SAS-5581743944,2604201439,120507297,36
SAS-5581743944,2604201443,120507297,36
SAS-5581743944,2604201250,120507297,36
SAS-5581743944,2604200909,120507297,36
SAS-5581743944,2604200912,120507297,36
SAS-5581743944,2604201257,120507297,36
SAS-5581743944,2604200922,120507297,36
SAS-5581743944,2604201254,120507297,36
SAS-5581743944,2604201255,120507297,36
SAS-5581743944,2604201253,120507297,36
SAS-5581743944,2604201249,120507297,36
SAS-5581743944,2604200919,120507297,36
SAS-5581743944,2604220068,120579484,2
SAS-5581743944,2604220089,120579481,2
SAS-5581743944,2604220106,120579481,2
SAS-5581743944,2604220110,120579481,2
SAS-5581743944,2604220119,120579481,2
SAS-5581743944,2604220092,120579481,2
SAS-5581743944,2604220102,120579481,2
SAS-5581743944,2604220116,120579481,2
SAS-5581743944,2604220122,120579481,2
SAS-5581743944,2604220124,120579481,1
SAS-5581743944,2604220125,120579485,2
SAS-5581743944,2604220126,120579485,2
SAS-5581743944,2604220128,120579485,2
SAS-5581743944,2604220130,120579485,2
SAS-5581743944,2604220131,120579485,2
SAS-5581743944,2604220080,120579485,2
SAS-5581743944,2604220099,120579485,2
SAS-5581743944,2604220101,120579485,2
SAS-5581743944,2604220104,120579485,2
SAS-5581743944,2604220118,120579485,2
SAS-5581743944,2604220057,120579484,2
SAS-5581743944,2604220060,120579484,2
SAS-5581743944,2604220066,120579484,2
SAS-5581743944,2604213076,120579482,2
SAS-5581743944,2604213078,120579482,2
SAS-5581743944,2604213077,120579482,2
SAS-5581743944,2604220024,120579484,2
SAS-5581743944,2604220025,120579484,2
SAS-5581743944,2604220026,120579484,2
SAS-5581743944,2604220027,120579484,2
SAS-5581743944,2604220028,120579484,2
SAS-5581743944,2604220023,120579484,2
SAS-5581743944,2604220059,120579484,1
SAS-5581743944,2604220040,120579484,2
SAS-5581743944,2604220042,120579484,2
SAS-5581743944,2604220043,120579484,2
SAS-5581743944,2604220045,120579484,2
SAS-5581743944,2604220058,120579484,2
SAS-5581743944,2604220015,120579482,2
SAS-5581743944,2604220016,120579482,2
SAS-5581743944,2604220017,120579482,2
SAS-5581743944,2604220018,120579482,2
SAS-5581743944,2604220019,120579482,1
SAS-5581743944,2604220038,120579484,2
SAS-5581743944,2604220048,120579484,2
SAS-5581743944,2604213075,120579482,2
SAS-5581743944,2604200906,120507297,36
SAS-5581743944,2604200914,120507297,36
SAS-5581743944,2604200920,120507297,36
SAS-5581743944,2604212840,120579481,2
SAS-5581743944,2604212836,120579481,2
SAS-5581743944,2604212838,120579481,2
SAS-5581743944,2604212841,120579481,2
SAS-5581743944,2604212842,120579481,2
SAS-5581743944,2604212979,120579483,2
SAS-5581743944,2604212981,120579483,2
SAS-5581743944,2604212971,120579483,2
SAS-5581743944,2604212982,120579483,2
SAS-5581743944,2604212972,120579483,2
SAS-5581743944,2604212973,120579483,2
SAS-5581743944,2604212910,120579482,2
SAS-5581743944,2604212912,120579482,2
SAS-5581743944,2604212936,120579482,2
SAS-5581743944,2604212938,120579482,2
SAS-5581743944,2604212942,120579482,2
SAS-5581743944,2604213079,120579482,1
SAS-5581743944,2604213072,120579482,2
SAS-5581743944,2604213073,120579482,2
SAS-5581743944,2604212988,120579481,2
SAS-5581743944,2604212994,120579481,2
SAS-5581743944,2604212996,120579481,2
SAS-5581743944,2604212992,120579481,2
SAS-5581743944,2604212983,120579483,2
SAS-5581743944,2604212977,120579483,2
SAS-5581743944,2604213010,120579483,2
SAS-5581743944,2604213009,120579483,2
SAS-5581743944,2604213008,120579483,2
SAS-5581743944,2604212997,120579481,2
SAS-5581743944,2604212998,120579481,2
SAS-5581743944,2604213006,120579482,2
SAS-5581743944,2604213012,120579482,2
SAS-5581743944,2604213024,120579482,2
SAS-5581743944,2604212783,120579483,2
SAS-5581743944,2604212905,120579482,2
SAS-5581743944,2604212903,120579482,2
SAS-5581743944,2604212902,120579482,2
SAS-5581743944,2604212860,120579483,2
SAS-5581743944,2604212858,120579483,2
SAS-5581743944,2604212965,120579482,1
SAS-5581743944,2604212975,120579481,2
SAS-5581743944,2604212974,120579481,2
SAS-5581743944,2604212960,120579482,2
SAS-5581743944,2604212948,120579482,2
SAS-5581743944,2604212943,120579482,2
SAS-5581743944,2604212793,120579483,2
SAS-5581743944,2604212792,120579483,2
SAS-5581743944,2604212788,120579483,2
SAS-5581743944,2604212786,120579483,2
SAS-5581743944,2604091408,120201418,108
SAS-5581743944,2604200907,120507297,36
SAS-5581743944,2604200908,120507297,36
SAS-5581743944,2604210232,120507296,36
SAS-5581743944,2604210254,120507296,36
SAS-5581743944,2604200918,120507297,36
SAS-5581743944,2604201242,120507297,36
SAS-5581743944,2604201440,120507297,36
SAS-5581743944,2604091376,120554968,108
SAS-5581743944,2604152945,120201287,111
SAS-5581743944,2604152985,120201288,111
SAS-5581743944,2604152986,120201288,111
SAS-5581743944,2604091579,120574139,115
SAS-5581743944,2604091572,120201288,113
SAS-5581743944,2604091575,120201288,113
SAS-5581743944,2604270385,120568577,105
SAS-5581743944,2604270561,120245292,111
SAS-5581743944,2604270556,120560741,111
SAS-5581743944,2604270551,120245295,111
SAS-5581743944,2604270418,120560738,108
SAS-5581743944,2604270410,120550515,108
SAS-5581743944,2604270409,120568575,108
SAS-5581743944,2604270509,120245292,112
SAS-5581743944,2604270475,120210362,113
SAS-5581743944,2604270476,120210362,113
SAS-5581743944,2604270473,120210362,113
SAS-5581743944,2604270474,120210362,113
SAS-5581743944,2604270479,120210362,113
SAS-5581743944,2604270458,120551942,114
SAS-5581743944,2604270480,120210362,113
SAS-5581743944,2604270455,120551942,114
SAS-5581743944,2604270386,120568577,105
SAS-5581743944,2604270387,120568577,105
SAS-5581743944,2604270388,120568577,105
SAS-5581743944,2604270389,120568577,105
SAS-5581743944,2604270406,120578146,109
SAS-5581743944,2604270408,120568575,108
SAS-5581743944,2604270405,120552682,108
SAS-5581743944,2604270401,120560460,108
SAS-5581743944,2604270404,120552682,108
SAS-5581743944,2604270407,120578146,109
SAS-5581743944,2604270417,120560738,108
SAS-5581743944,2604270525,120560740,108
SAS-5581743944,2604270523,120560740,108
SAS-5581743944,2604270524,120560740,108
SAS-5581743944,2604270397,120560460,107
SAS-5581743944,2604270395,120560460,107
SAS-5581743944,2604270393,120560460,107
SAS-5581743944,2603280405,120578238,2
SAS-5581743944,2603280406,120578238,1
SAS-5581743944,2603280407,120578238,2
SAS-5581743944,2604251711,120006667,140
SAS-5581743944,2604251715,120006667,140
SAS-5581743944,2604251709,120006667,140
SAS-5581743944,2604251718,120006667,140
SAS-5581743944,2604251706,120006667,140
SAS-5581743944,2604251713,120006667,140
SAS-5581743944,2604251705,120006667,140
SAS-5581743944,2604251719,120006667,140
SAS-5581743944,2604251704,120006667,140
SAS-5581743944,2604251721,120006667,140
SAS-5581743944,2604251701,120006667,140
SAS-5581743944,2604251722,120006667,140
SAS-5581743944,2604251700,120006667,140
SAS-5581743944,2604251723,120006667,140
SAS-5581743944,2604270477,120210362,113
SAS-5581743944,2604270478,120210362,113
SAS-5581743944,2604270290,120577696,108
SAS-5581743944,2604270268,120575364,107
SAS-5581743944,2604270291,120577696,108
SAS-5581743944,2604270457,120551942,114
SAS-5581743944,2604270463,120551942,114
SAS-5581743944,2604270456,120551942,114
SAS-5581743944,2604251726,120006667,140
SAS-5581743944,2604251695,120006667,140
SAS-5581743944,2604251725,120006667,140
SAS-5581743944,2604251696,120006667,140
SAS-5581743944,2604251728,120006667,140
SAS-5581743944,2604251724,120006667,140
SAS-5581743944,2604251697,120006667,140
SAS-5581743944,2604251720,120006667,140
SAS-5581743944,2604270833,121020882,104
SAS-5581743944,2604270832,121020882,104
SAS-5581743944,2604270831,121020882,104
SAS-5581743944,2604270402,120560460,108
SAS-5581743944,2604280591,120579483,2
SAS-5581743944,2604270396,120560460,107
SAS-5581743944,2604270394,120560460,107
SAS-5581743944,2604280559,120579483,2
SAS-5581743944,2604280566,120579483,2
SAS-5581743944,2604280582,120579483,2
SAS-5581743944,2604280597,120579483,2
SAS-5581743944,2604280581,120579483,2
SAS-5581743944,2604280560,120579483,2
SAS-5581743944,2604280561,120579483,2
SAS-5581743944,2604280562,120579483,2
SAS-5581743944,2604280497,120579483,2
SAS-5581743944,2604280498,120579483,2
SAS-5581743944,2604270842,121020881,106
SAS-5581743944,2604270840,121020881,106
SAS-5581743944,2604270841,121020881,106
SAS-5581743944,2604270843,121020881,106
SAS-5581743944,2604270830,121020882,104
SAS-5581743944,2604270844,121020881,106
SAS-5581743944,2604270862,121020881,106
SAS-5581743944,2604270863,121020881,106
SAS-5581743944,2604270864,121020881,106
SAS-5581743944,2604270865,121020881,106
SAS-5581743944,2604270892,121020881,108
SAS-5581743944,2604270881,121020881,108
SAS-5581743944,2604270861,121020881,106
SAS-5581743944,2604270878,121020881,108
SAS-5581743944,2604270879,121020881,108
SAS-5581743944,2604280598,120579483,2
SAS-5581743944,2604270925,120579486,1
SAS-5581743944,2604280065,120579484,2
SAS-5581743944,2604280068,120579484,2
SAS-5581743944,2604280153,120579484,2
SAS-5581743944,2604280152,120579484,2
SAS-5581743944,2604280151,120579484,2
SAS-5581743944,2604280175,120579484,2
SAS-5581743944,2604280176,120579484,1
SAS-5581743944,2604280555,120579483,2
SAS-5581743944,2604280554,120579483,2
SAS-5581743944,2604280553,120579483,2
SAS-5581743944,2604280552,120579483,2
SAS-5581743944,2604280556,120579483,2
SAS-5581743944,2604280313,120579481,2
SAS-5581743944,2604280169,120579481,2
SAS-5581743944,2604280170,120579481,2
SAS-5581743944,2604280174,120579481,2
SAS-5581743944,2604280188,120579481,2
SAS-5581743944,2604280310,120579481,2
SAS-5581743944,2604280172,120579481,2
SAS-5581743944,2604280177,120579481,2
SAS-5581743944,2604280189,120579481,1
SAS-5581743944,2604280499,120579483,2
SAS-5581743944,2604280500,120579483,2
SAS-5581743944,2604280502,120579483,2
SAS-5581743944,2604280503,120579483,2
SAS-5581743944,2604280504,120579483,2
SAS-5581743944,2604280567,120579483,2
SAS-5581743944,2604280570,120579483,2
SAS-5581743944,2604280571,120579483,2
SAS-5581743944,2604280572,120579483,2
SAS-5581743944,2604280573,120579483,2
SAS-5581743944,2604280580,120579483,2
SAS-5581743944,2604280586,120579483,2
SAS-5581743944,2604280590,120579483,2
SAS-5581743944,2604272410,121019364,113
SAS-5581743944,2604272420,121019364,113
SAS-5581743944,2604272411,121019364,113
SAS-5581743944,2604272407,121019364,113
SAS-5581743944,2604272409,121019364,113
SAS-5581743944,2604272408,121019364,113
SAS-5581743944,2604272469,121019364,113
SAS-5581743944,2604272468,121019364,113
SAS-5581743944,2604281385,120579483,2
SAS-5581743944,2604281471,120579482,2
SAS-5581743944,2604281477,120579482,2
SAS-5581743944,2604281486,120579482,2
SAS-5581743944,2604281488,120579482,2
SAS-5581743944,2604281496,120579482,2
SAS-5581743944,2604270838,120579484,2
SAS-5581743944,2604270837,120579484,2
SAS-5581743944,2604270834,120579484,2
SAS-5581743944,2604270828,120579484,2
SAS-5581743944,2604280003,120579484,2
SAS-5581743944,2604280021,120579484,2
SAS-5581743944,2604280020,120579484,2
SAS-5581743944,2604280019,120579484,2
SAS-5581743944,2604280018,120579484,2
SAS-5581743944,2604280028,120579484,2
SAS-5581743944,2604280029,120579484,2
SAS-5581743944,2604280030,120579484,2
SAS-5581743944,2604280031,120579484,2
SAS-5581743944,2604280032,120579484,2
SAS-5581743944,2604280064,120579484,1
SAS-5581743944,2604280057,120579484,2
SAS-5581743944,2604280055,120579484,2
SAS-5581743944,2604281317,120579483,2
SAS-5581743944,2604281319,120579483,2
SAS-5581743944,2604281341,120579483,2
SAS-5581743944,2604281342,120579483,2
SAS-5581743944,2604281344,120579483,2
SAS-5581743944,2604281470,120579482,2
SAS-5581743944,2604281467,120579482,2
SAS-5581743944,2604281461,120579482,2
SAS-5581743944,2604281452,120579483,2
SAS-5581743944,2604281446,120579483,2
SAS-5581743944,2604280122,120579484,2
SAS-5581743944,2604280118,120579484,2
SAS-5581743944,2604280117,120579484,2
SAS-5581743944,2604280136,120579484,2
SAS-5581743944,2604280139,120579484,2
SAS-5581743944,2604271929,121019364,90
SAS-5581743944,2604271931,121019364,90
SAS-5581743944,2604251729,120006667,140
SAS-5581743944,2604272412,121019364,113
SAS-5581743944,2604271926,121019364,90
SAS-5581743944,2604272413,121019364,113
SAS-5581743944,2604272414,121019364,113
SAS-5581743944,2604271924,121019364,90
SAS-5581743944,2604272415,121019364,113
SAS-5581743944,2604271928,121019364,90
SAS-5581743944,2604272416,121019364,113
SAS-5581743944,2604272417,121019364,113
SAS-5581743944,2604272422,121019364,113
SAS-5581743944,2604272419,121019364,113
SAS-5581743944,2604272405,121019364,113
SAS-5581743944,2604272406,121019364,113
SAS-5581743944,2604281435,120579483,2
SAS-5581743944,2604281433,120579483,2
SAS-5581743944,2604281407,120579483,2
SAS-5581743944,2604281402,120579483,2
SAS-5581743944,2604281399,120579483,2
SAS-5581743944,2604280108,120579486,1
SAS-5581743944,2604280107,120579486,1
SAS-5581743944,2604280116,120579486,1
SAS-5581743944,2604280121,120579484,2
SAS-5581743944,2604280120,120579484,2
SAS-5581743944,2604280119,120579484,2
SAS-5581743944,2604271014,120579485,1
SAS-5581743944,2604271013,120579485,1
SAS-5581743944,2604271012,120579485,1
SAS-5581743944,2604271011,120579485,1
SAS-5581743944,2604271034,120579485,1
SAS-5581743944,2604271033,120579485,1
SAS-5581743944,2604271032,120579485,1
SAS-5581743944,2604271031,120579485,1
SAS-5581743944,2604270975,120579485,1
SAS-5581743944,2604270977,120579485,1
SAS-5581743944,2604270978,120579485,1
SAS-5581743944,2604270980,120579485,1
SAS-5581743944,2604270982,120579485,1
SAS-5581743944,2604271007,120579485,1
SAS-5581743944,2604271009,120579485,1
SAS-5581743944,2604270981,120579485,1
SAS-5581743944,2604280156,120579484,2
SAS-5581743944,2604280154,120579484,2
SAS-5581743944,2604280114,120579484,2
SAS-5581743944,2604280106,120579484,2
SAS-5581743944,2604280041,120579484,2
SAS-5581743944,2604280042,120579484,2
SAS-5581743944,2604280043,120579484,2
SAS-5581743944,2604280095,120579484,2
SAS-5581743944,2604280084,120579484,2
SAS-5581743944,2604280083,120579484,2
SAS-5581743944,2604280077,120579485,1
SAS-5581743944,2604280076,120579485,2
SAS-5581743944,2604280073,120579485,2
SAS-5581743944,2604280157,120579484,1
SAS-5581743944,2604280059,120579485,2
SAS-5581743944,2604280060,120579485,2
SAS-5581743944,2604280061,120579485,2
SAS-5581743944,2604280062,120579485,2
SAS-5581743944,2604280063,120579485,2
SAS-5581743944,2604281422,120579483,2
SAS-5581743944,2604281406,120579483,2
SAS-5581743944,2604281403,120579483,2
SAS-5581743944,2604281401,120579483,2
SAS-5581743944,2604281386,120579483,2
SAS-5581743944,2604281369,120579483,2
SAS-5581743944,2604281363,120579483,2
SAS-5581743944,2604281359,120579483,2
SAS-5581743944,2604281348,120579483,2
SAS-5581743944,2604281349,120579483,2
SAS-5581743944,2604281391,120579483,2
SAS-5581743944,2604281376,120579483,2
SAS-5581743944,2604281374,120579483,2
SAS-5581743944,2604281364,120579483,2
SAS-5581743944,2604281362,120579483,2
SAS-5581743944,2604281455,120579483,1
SAS-5581743944,2604281550,120579481,2
SAS-5581743944,2604281668,120579482,2
SAS-5581743944,2604281669,120579482,2
SAS-5581743944,2604280634,120579483,2
SAS-5581743944,2604280637,120579483,2
SAS-5581743944,2604280638,120579483,2
SAS-5581743944,2604280639,120579483,2
SAS-5581743944,2604280641,120579483,1
SAS-5581743944,2604280640,120579483,1
SAS-5581743944,2604280614,120579483,2
SAS-5581743944,2604280613,120579483,2
SAS-5581743944,2604280612,120579483,2
SAS-5581743944,2604280611,120579483,2
SAS-5581743944,2604280610,120579483,2
SAS-5581743944,2604280628,120579483,2
SAS-5581743944,2604280627,120579483,2
SAS-5581743944,2604280626,120579483,2
SAS-5581743944,2604280624,120579483,2
SAS-5581743944,2604280623,120579483,2
SAS-5581743944,2604281565,120579482,2
SAS-5581743944,2604281569,120579482,2
SAS-5581743944,2604281571,120579482,2
SAS-5581743944,2604281574,120579482,2
SAS-5581743944,2604281584,120579482,2
SAS-5581743944,2604281585,120579482,2
SAS-5581743944,2604281697,120579482,2
SAS-5581743944,2604281699,120579482,2
SAS-5581743944,2604281705,120579482,2
SAS-5581743944,2604281710,120579482,2
SAS-5581743944,2604281711,120579482,2
SAS-5581743944,2604270535,120239749,111
SAS-5581743944,2604270538,120239749,111
SAS-5581743944,2604282769,120579481,2
SAS-5581743944,2604282770,120579481,2
SAS-5581743944,2604282771,120579481,1
SAS-5581743944,2604282692,120579484,2
SAS-5581743944,2604282695,120579484,2
SAS-5581743944,2604282697,120579484,2
SAS-5581743944,2604282698,120579484,2
SAS-5581743944,2604282681,120579484,2
SAS-5581743944,2604282682,120579484,2
SAS-5581743944,2604282713,120579484,2
SAS-5581743944,2604282708,120579484,2
SAS-5581743944,2604282726,120579484,2
SAS-5581743944,2604282709,120579484,2
SAS-5581743944,2604282710,120579484,2
SAS-5581743944,2604282711,120579484,2
SAS-5581743944,2604282712,120579484,2
SAS-5581743944,2604282727,120579484,2
SAS-5581743944,2604282639,120579484,2
SAS-5581743944,2604282660,120579484,2
SAS-5581743944,2604282661,120579484,2
SAS-5581743944,2604282668,120579484,2
SAS-5581743944,2604282669,120579484,2
SAS-5581743944,2604282686,120579484,2
SAS-5581743944,2604282687,120579484,2
SAS-5581743944,2604282688,120579484,2
SAS-5581743944,2604282689,120579484,2
SAS-5581743944,2604282690,120579484,2
SAS-5581743944,2604282691,120579484,2
SAS-5581743944,2604280109,120579486,1
SAS-5581743944,2604281652,120579482,2
SAS-5581743944,2604281653,120579482,2
SAS-5581743944,2604281381,120579483,2
SAS-5581743944,2604281632,120579482,2
SAS-5581743944,2604281591,120579482,2
SAS-5581743944,2604281594,120579482,2
SAS-5581743944,2604281607,120579482,2
SAS-5581743944,2604281625,120579482,2
SAS-5581743944,2604281627,120579482,2
SAS-5581743944,2604281498,120579482,2
SAS-5581743944,2604281501,120579482,2
SAS-5581743944,2604281502,120579482,2
SAS-5581743944,2604281504,120579482,2
SAS-5581743944,2604281510,120579482,1
SAS-5581743944,2604281746,120579482,2
SAS-5581743944,2604281779,120579482,2
SAS-5581743944,2604281780,120579482,2
SAS-5581743944,2604281782,120579482,2
SAS-5581743944,2604281791,120579482,2
SAS-5581743944,2604271444,120579485,2
SAS-5581743944,2604271446,120579485,2
SAS-5581743944,2604280006,120579484,2
SAS-5581743944,2604280005,120579484,2
SAS-5581743944,2604280004,120579484,2
SAS-5581743944,2604281522,120579481,2
SAS-5581743944,2604281531,120579481,2
SAS-5581743944,2604281551,120579481,2
SAS-5581743944,2604281552,120579481,1
SAS-5581743944,2604281525,120579481,2
SAS-5581743944,2604281540,120579481,2
SAS-5581743944,2604281553,120579481,2
SAS-5581743944,2604281560,120579481,2
SAS-5581743944,2604281547,120579481,2
SAS-5581743944,2604270537,120239749,111
SAS-5581743944,2604270536,120239749,111
SAS-5581743944,2604270518,120210363,106
SAS-5581743944,2604270462,120551942,114
SAS-5581743944,2604270520,120210363,106
SAS-5581743944,2604270519,120210363,106
SAS-5581743944,2604270546,120560335,111
SAS-5581743944,2604270510,120576989,110
SAS-5581743944,2604270549,120509334,111
SAS-5581743944,2604270550,120509334,111
SAS-5581743944,2604270547,120560335,111
SAS-5581743944,2604270460,120551942,114
SAS-5581743944,2604270459,120551942,114
SAS-5581743944,2604281682,120579482,2
SAS-5581743944,2604281717,120579482,2
SAS-5581743944,2604281722,120579482,2
SAS-5581743944,2604281725,120579482,2
SAS-5581743944,2604281729,120579482,2
SAS-5581743944,2604281730,120579482,2
SAS-5581743944,2604281726,120579482,2
SAS-5581743944,2604281685,120579482,2
SAS-5581743944,2604281712,120579482,2
SAS-5581743944,2604281715,120579482,2
SAS-5581743944,2604281713,120579482,2
SAS-5581743944,2604281795,120579482,2
SAS-5581743944,2604281798,120579482,2
SAS-5581743944,2604281822,120579482,2
SAS-5581743944,2604281826,120579482,2
SAS-5581743944,2604281372,120579483,2
SAS-5581743944,2604281371,120579483,2
SAS-5581743944,2604281377,120579483,2
SAS-5581743944,2604270926,120579486,1
SAS-5581743944,2604271371,120579485,2
SAS-5581743944,2604271380,120579485,2
SAS-5581743944,2604271391,120579485,2
SAS-5581743944,2604271389,120579485,2
SAS-5581743944,2604271390,120579485,2
SAS-5581743944,2604271388,120579485,2
SAS-5581743944,2604271399,120579485,2
SAS-5581743944,2604271419,120579485,2
SAS-5581743944,2604271422,120579485,2
SAS-5581743944,2604271423,120579485,2
SAS-5581743944,2604271432,120579485,1
SAS-5581743944,2604271431,120579485,1
SAS-5581743944,2604271451,120579486,1
SAS-5581743944,2604271448,120579486,1
SAS-5581743944,2604271450,120579486,1
SAS-5581743944,2604271449,120579486,1
SAS-5581743944,2604271466,120579484,2
SAS-5581743944,2604271468,120579484,2
SAS-5581743944,2604271402,120579485,1
SAS-5581743944,2604271403,120579485,1
SAS-5581743944,2604271407,120579485,1
SAS-5581743944,2604271406,120579485,1
SAS-5581743944,2604271404,120579485,1
SAS-5581743944,2604271405,120579485,1
SAS-5581743944,2604271427,120579485,1
SAS-5581743944,2604271429,120579485,1
SAS-5581743944,2604271430,120579485,1
SAS-5581743944,2604271433,120579485,1
SAS-5581743944,2604280617,120579481,2
SAS-5581743944,2604280616,120579481,2
SAS-5581743944,2604280618,120579481,1
SAS-5581743944,2604280595,120579483,2
SAS-5581743944,2604280608,120579483,2
SAS-5581743944,2604280609,120579483,1
SAS-5581743944,2604270927,120579486,1
SAS-5581743944,2604270928,120579486,1
SAS-5581743944,2604270953,120579486,1
SAS-5581743944,2604270952,120579486,1
SAS-5581743944,2604270951,120579486,1
SAS-5581743944,2604270950,120579486,1
SAS-5581743944,2604270935,120579485,1
SAS-5581743944,2604270945,120579485,1
SAS-5581743944,2604270875,120579484,2
SAS-5581743944,2604270874,120579484,2
SAS-5581743944,2604270885,120579484,2
SAS-5581743944,2604270876,120579484,2
SAS-5581743944,2604270936,120579485,1
SAS-5581743944,2604270974,120579485,1
SAS-5581743944,2604270940,120579485,1
SAS-5581743944,2604270939,120579485,1
SAS-5581743944,2604270938,120579485,1
SAS-5581743944,2604271360,120579485,2
SAS-5581743944,2604271362,120579485,2
SAS-5581743944,2604271359,120579485,2
SAS-5581743944,2604271141,120579485,2
SAS-5581743944,2604271139,120579485,2
SAS-5581743944,2604271138,120579485,2
SAS-5581743944,2604271137,120579485,2
SAS-5581743944,2604271357,120579485,2
SAS-5581743944,2604271356,120579485,2
SAS-5581743944,2604270937,120579485,1
SAS-5581743944,2604270941,120579485,1
SAS-5581743944,2604270942,120579485,1
SAS-5581743944,2604270944,120579485,1
SAS-5581743944,2604271354,120579485,2
SAS-5581743944,2604271349,120579485,2
SAS-5581743944,2604270943,120579485,1
SAS-5581743944,2604271351,120579485,2
SAS-5581743944,2604291063,120579481,2
SAS-5581743944,2604291062,120579481,2
SAS-5581743944,2604291061,120579481,2
SAS-5581743944,2604291060,120579481,2
SAS-5581743944,2604291065,120579481,2
SAS-5581743944,2604291064,120579481,2
SAS-5581743944,2604290835,120579482,2
SAS-5581743944,2604290836,120579482,2
SAS-5581743944,2604291056,120579481,2
SAS-5581743944,2604291057,120579481,2
SAS-5581743944,2604291055,120579481,2
SAS-5581743944,2604291051,120579481,2
SAS-5581743944,2604291045,120579481,2
SAS-5581743944,2604291049,120579481,2
SAS-5581743944,2604290760,120507296,36
SAS-5581743944,2604291015,120507296,36
SAS-5581743944,2604290873,120507296,36
SAS-5581743944,2604290831,120579482,2
SAS-5581743944,2604290830,120579482,2
SAS-5581743944,2604290843,120579482,2
SAS-5581743944,2604291073,120579481,2
SAS-5581743944,2604291067,120579481,2
SAS-5581743944,2604290922,120579481,2
SAS-5581743944,2604290920,120579481,2
SAS-5581743944,2604291053,120579481,1
SAS-5581743944,2604290921,120579481,2
SAS-5581743944,2604291076,120579481,1
SAS-5581743944,2604290919,120579481,2
SAS-5581743944,2604290918,120579481,2
SAS-5581743944,2604290299,120579481,2
SAS-5581743944,2604290296,120579481,2
SAS-5581743944,2604291074,120579481,2
SAS-5581743944,2604291075,120579481,2
SAS-5581743944,2604290842,120579482,2
SAS-5581743944,2604290426,120577755,2
SAS-5581743944,2604290427,120577755,2
SAS-5581743944,2604290429,120577755,2
SAS-5581743944,2604290441,120577755,2
SAS-5581743944,2604290552,120577755,2
SAS-5581743944,2604290554,120577757,2
SAS-5581743944,2604290555,120577757,2
SAS-5581743944,2604290558,120577757,2
SAS-5581743944,2604290565,120577758,1
SAS-5581743944,2604251694,120006667,140
SAS-5581743944,2604251693,120006667,140
SAS-5581743944,2604290644,120577754,2
SAS-5581743944,2604290643,120577754,2
SAS-5581743944,2604290647,120577754,2
SAS-5581743944,2604290653,120577757,2
SAS-5581743944,2604290654,120577757,2
SAS-5581743944,2604290874,120507296,36
SAS-5581743944,2604290855,120507296,36
SAS-5581743944,2604290857,120507296,36
SAS-5581743944,2604291022,120507296,36
SAS-5581743944,2604290852,120507296,36
SAS-5581743944,2604291017,120507296,36
SAS-5581743944,2604290851,120507296,36
SAS-5581743944,2604271936,121019364,90
SAS-5581743944,2604271932,121019364,90
SAS-5581743944,2604271935,121019364,90
SAS-5581743944,2604271933,121019364,90
SAS-5581743944,2604291180,120507296,36
SAS-5581743944,2604291193,120507296,36
SAS-5581743944,2604290856,120507296,36
SAS-5581743944,2604290848,120507296,36
SAS-5581743944,2604290846,120507296,36
SAS-5581743944,2604291020,120507296,36
SAS-5581743944,2604290845,120507296,36
SAS-5581743944,2604282685,121021071,113
SAS-5581743944,2604282657,121021012,114
SAS-5581743944,2604282665,121021119,114
SAS-5581743944,2604270464,120551942,114
SAS-5581743944,2604282694,121021012,113
SAS-5581743944,2604282678,121021119,114
SAS-5581743944,2604282672,121021119,113
SAS-5581743944,2604282675,121021119,114
SAS-5581743944,2604282680,121021119,114
SAS-5581743944,2604290766,120507296,36
SAS-5581743944,2604290854,120507296,36
SAS-5581743944,2604290764,120507296,36
SAS-5581743944,2604290761,120507296,36
SAS-5581743944,2604290870,120507296,36
SAS-5581743944,2604290724,120507296,30
SAS-5581743944,2604290722,120507296,30
SAS-5581743944,2604290871,120507296,36
SAS-5581743944,2604290725,120507296,36
SAS-5581743944,2604290719,120507296,30
SAS-5581743944,2604291025,120507296,36
SAS-5581743944,2604291024,120507296,36
SAS-5581743944,2604291026,120507296,36
SAS-5581743944,2604291027,120507296,36
SAS-5581743944,2604291029,120507296,36
SAS-5581743944,2604291030,120507296,36
SAS-5581743944,2604291032,120507296,36
SAS-5581743944,2604291194,120507296,20
SAS-5581743944,2604291023,120507296,36
SAS-5581743944,2604290872,120507296,36
SAS-5581743944,2604290756,120507296,36
SAS-5581743944,2604290757,120507296,36
SAS-5581743944,2604290847,120507296,36
SAS-5581743944,2604291191,120507296,36
SAS-5581743944,2604291179,120507296,36
SAS-5581743944,2604290840,120579482,2
SAS-5581743944,2604291066,120579481,2
SAS-5581743944,2604291072,120579481,2
SAS-5581743944,2604290839,120579482,2
SAS-5581743944,2604290838,120579482,2
SAS-5581743944,2604290833,120579482,3
SAS-5581743944,2604282610,121021013,112
SAS-5581743944,2604282618,121021013,114
SAS-5581743944,2604282613,121021013,113
SAS-5581743944,2604270328,120577931,108
SAS-5581743944,2604270269,120575364,107
SAS-5581743944,2604270325,120577931,108
SAS-5581743944,2604270327,120577931,108
SAS-5581743944,2604270326,120577931,108
SAS-5581743944,2604270340,120575364,105
SAS-5581743944,2604270252,120577932,105
SAS-5581743944,2604270270,120575364,107
SAS-5581743944,2604270271,120575364,107
SAS-5581743944,2604270289,120577696,108
SAS-5581743944,2604270526,120560740,108
SAS-5581743944,2604270246,120577929,105
SAS-5581743944,2604270272,120575364,107
SAS-5581743944,2604270253,120577932,105
SAS-5581743944,2604270237,120578471,106
SAS-5581743944,2604282632,121021012,114
SAS-5581743944,2604282620,121021012,114
SAS-5581743944,2604282626,121021012,114
SAS-5581743944,2604282630,121021012,114
SAS-5581743944,2604282637,121021012,114
SAS-5581743944,2604282644,121021012,114
SAS-5581743944,2604282653,121021012,114
SAS-5581743944,2604282701,121021071,113
SAS-5581743944,2604270461,120551942,114
SAS-5581743944,2604282670,121021119,114
SAS-5581743944,2604290381,120579484,2
SAS-5581743944,2604240365,120579482,2
SAS-5581743944,2604240366,120579482,2
SAS-5581743944,2604222571,120579485,1
SAS-5581743944,2604222573,120579482,2
SAS-5581743944,2604222574,120579482,1
SAS-5581743944,2604212976,120579481,2
SAS-5581743944,2604212984,120579481,2
SAS-5581743944,2604212987,120579481,2
SAS-5581743944,2604212980,120579481,2
SAS-5581743944,2604212990,120579481,2
SAS-5581743944,2604212991,120579481,2
SAS-5581743944,2604160533,120562029,5
SAS-5581743944,2604290586,120577758,1
SAS-5581743944,2604290559,120577757,2
SAS-5581743944,2604290563,120577758,1
SAS-5581743944,2604290562,120577758,1
SAS-5581743944,2604290561,120577758,1
SAS-5581743944,2604290560,120577758,1
SAS-5581743944,2604290577,120577758,1
SAS-5581743944,2604290578,120577758,1
SAS-5581743944,2604290648,120577754,1
SAS-5581743944,2604290606,120577755,2
SAS-5581743944,2604290587,120577758,1
SAS-5581743944,2604290593,120577758,1
SAS-5581743944,2604290594,120577758,1
SAS-5581743944,2604290600,120577758,1
SAS-5581743944,2604290603,120577755,2
SAS-5581743944,2604290605,120577755,2
SAS-5581743944,2604290655,120577757,2
SAS-5581743944,2604290663,120577756,2
SAS-5581743944,2604290662,120577756,2
SAS-5581743944,2604290661,120577756,2
SAS-5581743944,2604290660,120577756,2
SAS-5581743944,2604281800,120579482,2
SAS-5581743944,2604290997,120579481,2
SAS-5581743944,2604291043,120579481,2
SAS-5581743944,2604290834,120579482,2
SAS-5581743944,2604290810,120579482,2
SAS-5581743944,2604290815,120579482,2
SAS-5581743944,2604290816,120579482,2
SAS-5581743944,2604290817,120579482,2
SAS-5581743944,2604290832,120579482,2
SAS-5581743944,2604281681,120579482,2
SAS-5581743944,2604281665,120579482,2
SAS-5581743944,2604281660,120579482,2
SAS-5581743944,2604281655,120579482,2
SAS-5581743944,2604281651,120579482,2
SAS-5581743944,2604290802,120579482,2
SAS-5581743944,2604290793,120579482,2
SAS-5581743944,2604290788,120579482,2
SAS-5581743944,2604290786,120579482,2
SAS-5581743944,2604290787,120579482,2
SAS-5581743944,2604290807,120579482,2
SAS-5581743944,2604282638,120579484,2
SAS-5581743944,2604282636,120579484,2
SAS-5581743944,2604282635,120579484,2
SAS-5581743944,2604282634,120579484,2
SAS-5581743944,2604282633,120579484,2
SAS-5581743944,2604290355,120579484,2
SAS-5581743944,2604290356,120579484,2
SAS-5581743944,2604290365,120579484,2
SAS-5581743944,2604290374,120579484,2
SAS-5581743944,2604290375,120579484,2
SAS-5581743944,2604290789,120577756,2
SAS-5581743944,2604290790,120577756,2
SAS-5581743944,2604290850,120577756,2
SAS-5581743944,2604290858,120577756,2
SAS-5581743944,2604290862,120577756,2
SAS-5581743944,2604290863,120577756,2
SAS-5581743944,2604290867,120577756,2
SAS-5581743944,2604290430,120577755,2
SAS-5581743944,2604290438,120577755,2
SAS-5581743944,2604290436,120577755,2
SAS-5581743944,2604290440,120577755,2
SAS-5581743944,2604290444,120577755,2
SAS-5581743944,2604290415,120577755,2
SAS-5581743944,2604290414,120577755,2
SAS-5581743944,2604290417,120577755,2
SAS-5581743944,2604290418,120577755,2
SAS-5581743944,2604290445,120577755,2
SAS-5581743944,2604290450,120577755,2
SAS-5581743944,2604290460,120577755,2
SAS-5581743944,2604290462,120577755,2
SAS-5581743944,2604290464,120577755,2
SAS-5581743944,2604290466,120577755,2
SAS-5581743944,2604290467,120577755,2
SAS-5581743944,2604290469,120577755,2
SAS-5581743944,2604290517,120577755,2
SAS-5581743944,2604290521,120577755,2
SAS-5581743944,2604290518,120577755,2
SAS-5581743944,2604290544,120577755,2
SAS-5581743944,2604290535,120577755,2
SAS-5581743944,2604290534,120577755,2
SAS-5581743944,2604290525,120577755,2
SAS-5581743944,2604290522,120577755,2
SAS-5581743944,2604290425,120577755,2
SAS-5581743944,2604290688,120577757,2
SAS-5581743944,2604290685,120577757,2
SAS-5581743944,2604290684,120577757,2
SAS-5581743944,2604290686,120577757,2
SAS-5581743944,2604290668,120577757,2
SAS-5581743944,2604290669,120577757,2
SAS-5581743944,2604290667,120577757,2
SAS-5581743944,2604290681,120577757,2
SAS-5581743944,2604290792,120577756,2
SAS-5581743944,2604290696,120577757,2
SAS-5581743944,2604290745,120577756,2
SAS-5581743944,2604290718,120577756,2
SAS-5581743944,2604290720,120577756,2
SAS-5581743944,2604290768,120577756,2
SAS-5581743944,2604290743,120577756,2
SAS-5581743944,2604290746,120577756,2
SAS-5581743944,2604290747,120577756,2
SAS-5581743944,2604290767,120577756,2
SAS-5581743944,2604290769,120577756,2
SAS-5581743944,2604291000,120577756,2
SAS-5581743944,2604291004,120577756,2
SAS-5581743944,2604291006,120577756,2
SAS-5581743944,2604291016,120577756,2
SAS-5581743944,2604290804,120577756,2
SAS-5581743944,2604290806,120577756,2
SAS-5581743944,2604290809,120577756,2
SAS-5581743944,2604290811,120577756,2
SAS-5581743944,2604290801,120577756,2
SAS-5581743944,2604290797,120577756,2
SAS-5581743944,2604290774,120577756,2
SAS-5581743944,2604290785,120577756,2
SAS-5581743944,2604291190,120507296,36
SAS-5581743944,2604291112,120507296,36
SAS-5581743944,2604291110,120507296,36
SAS-5581743944,2604291114,120507296,36
SAS-5581743944,2604291014,120507296,36
SAS-5581743944,2604291013,120507296,36
SAS-5581743944,2604291115,120507296,36
SAS-5581743944,2604291012,120507296,36
SAS-5581743944,2604291116,120507296,36
SAS-5581743944,2604291010,120507296,36
SAS-5581743944,2604291009,120507296,36
SAS-5581743944,2604291008,120507296,36
SAS-5581743944,2604291007,120507296,36
SAS-5581743944,2604290762,120507296,36
SAS-5581743944,2604290763,120507296,36
SAS-5581743944,2604291189,120507296,36
SAS-5581743944,2604291188,120507296,36
SAS-5581743944,2604291187,120507296,36
SAS-5581743944,2604291186,120507296,36
SAS-5581743944,2604291005,120507296,36
SAS-5581743944,2604291181,120507296,36
SAS-5581743944,2604291182,120507296,36
SAS-5581743944,2604291185,120507296,36
SAS-5581743944,2604291183,120507296,36
SAS-5581743944,2604301162,120577753,3
SAS-5581743944,2604301161,120577753,3
SAS-5581743944,2604301160,120577753,3
SAS-5581743944,2604301167,120577753,3
SAS-5581743944,2604301164,120577753,3
SAS-5581743944,2604301165,120577753,3
SAS-5581743944,2604301104,120577754,2
SAS-5581743944,2604300975,120577754,2
SAS-5581743944,2604300976,120577754,2
SAS-5581743944,2604300977,120577754,2
SAS-5581743944,2604300978,120577754,2
SAS-5581743944,2604301002,120577754,2
SAS-5581743944,2604301037,120577754,2
SAS-5581743944,2604301011,120577754,2
SAS-5581743944,2604301017,120577754,2
SAS-5581743944,2604301106,120577754,2
SAS-5581743944,2604301111,120577754,2
SAS-5581743944,2604301105,120577754,2
SAS-5581743944,2604301114,120577753,3
SAS-5581743944,2604301115,120577753,3
SAS-5581743944,2604301128,120577753,3
SAS-5581743944,2604301124,120577753,3
SAS-5581743944,2604301122,120577753,3
SAS-5581743944,2604301116,120577753,3
SAS-5581743944,2604301129,120577753,3
SAS-5581743944,2604301127,120577753,3
SAS-5581743944,2604301123,120577753,3
SAS-5581743944,2604301117,120577753,3
SAS-5581743944,2604301133,120577753,3
SAS-5581743944,2604290978,120577756,2
SAS-5581743944,2604290976,120577756,2
SAS-5581743944,2604293337,120577756,2
SAS-5581743944,2604293323,120577756,2
SAS-5581743944,2604293324,120577756,2
SAS-5581743944,2604293229,120577756,2
SAS-5581743944,2604293230,120577756,2
SAS-5581743944,2604293231,120577756,2
SAS-5581743944,2604293233,120577756,2
SAS-5581743944,2604293317,120577756,2
SAS-5581743944,2604293322,120577756,2
SAS-5581743944,2604293189,120577756,2
SAS-5581743944,2604293190,120577756,2
SAS-5581743944,2604293195,120577756,2
SAS-5581743944,2604293197,120577756,2
SAS-5581743944,2604290995,120577756,2
SAS-5581743944,2604290994,120577756,2
SAS-5581743944,2604290990,120577756,2
SAS-5581743944,2604291035,120577756,2
SAS-5581743944,2604291021,120577756,2
SAS-5581743944,2604291019,120577756,2
SAS-5581743944,2604291036,120577756,2
SAS-5581743944,2604301004,120577754,2
SAS-5581743944,2604301003,120577754,2
SAS-5581743944,2604301006,120577754,2
SAS-5581743944,2604301008,120577754,2
SAS-5581743944,2604301010,120577754,2
SAS-5581743944,2604300413,120577753,1
SAS-5581743944,2604300386,120577753,2
SAS-5581743944,2604300384,120577754,2
SAS-5581743944,2604301036,120577754,2
SAS-5581743944,2604301027,120577754,2
SAS-5581743944,2604300840,120577755,2
SAS-5581743944,2604300836,120577755,2
SAS-5581743944,2604300834,120577755,2
SAS-5581743944,2604300835,120577755,2
SAS-5581743944,2604300974,120577755,2
SAS-5581743944,2604300973,120577755,2
SAS-5581743944,2604301651,120201420,107
SAS-5581743944,2604301650,120201420,107
SAS-5581743944,2604301649,120201420,107
SAS-5581743944,2604301607,120201420,107
SAS-5581743944,2604301606,120201420,107
SAS-5581743944,2604301605,120201420,107
SAS-5581743944,2604301584,120552170,107
SAS-5581743944,2604301609,120201420,107
SAS-5581743944,2604301608,120201420,107
SAS-5581743944,2604301558,120251132,108
SAS-5581743944,2604301566,120251132,107
SAS-5581743944,2604301565,120251132,107
SAS-5581743944,2604301590,120552170,107
SAS-5581743944,2604301589,120552170,107
SAS-5581743944,2604301588,120552170,107
SAS-5581743944,2604301579,120207206,107
SAS-5581743944,2604301583,120206567,107
SAS-5581743944,2604301567,120251132,107
SAS-5581743944,2604301418,120543669,4
SAS-5581743944,2604301405,120543669,6
SAS-5581743944,2604301395,120543669,6
SAS-5581743944,2604301386,120543669,6
SAS-5581743944,2604301385,120543669,6
SAS-5581743944,2604300787,120579739,112
SAS-5581743944,2604300786,120550548,112
SAS-5581743944,2604290975,120577756,2
SAS-5581743944,2604290974,120577756,2
SAS-5581743944,2604290971,120577756,2
SAS-5581743944,2604290970,120577756,2
SAS-5581743944,2604290969,120577756,2
SAS-5581743944,2604290967,120577756,2
SAS-5581743944,2604300933,120577754,2
SAS-5581743944,2604300935,120577754,2
SAS-5581743944,2604300940,120577754,2
SAS-5581743944,2604300939,120577754,2
SAS-5581743944,2604300928,120577754,2
SAS-5581743944,2604300929,120577754,2
SAS-5581743944,2604300930,120577754,2
SAS-5581743944,2604300931,120577754,2
SAS-5581743944,2604300353,120577753,2
SAS-5581743944,2604300352,120577753,2
SAS-5581743944,2604300340,120577756,2
SAS-5581743944,2604300338,120577756,2
SAS-5581743944,2604300923,120577754,2
SAS-5581743944,2604300926,120577754,2
SAS-5581743944,2604300925,120577754,2
SAS-5581743944,2604300936,120577754,2
SAS-5581743944,2604290960,120577756,2
SAS-5581743944,2604290959,120577756,2
SAS-5581743944,2604290958,120577756,2
SAS-5581743944,2604290954,120577756,2
SAS-5581743944,2604290880,120577756,2
SAS-5581743944,2604290879,120577756,2
SAS-5581743944,2604290869,120577756,2
SAS-5581743944,2604290868,120577756,2
SAS-5581743944,2604300841,120577755,2
SAS-5581743944,2604293327,120577756,2
SAS-5581743944,2604300647,120507297,36
SAS-5581743944,2604300641,120507297,36
SAS-5581743944,2604300668,120507297,36
SAS-5581743944,2604300656,120507297,36
SAS-5581743944,2604300660,120507297,36
SAS-5581743944,2604300640,120507297,36
SAS-5581743944,2604300667,120507297,36
SAS-5581743944,2604300662,120507297,36
SAS-5581743944,2604300655,120507297,36
SAS-5581743944,2604300639,120507297,36
SAS-5581743944,2604300663,120507297,36
SAS-5581743944,2604300661,120507297,36
SAS-5581743944,2604300649,120507297,36
SAS-5581743944,2604300638,120507297,36
SAS-5581743944,2604300665,120507297,36
SAS-5581743944,2604300654,120507297,36
SAS-5581743944,2604300637,120507297,36
SAS-5581743944,2604291069,120577756,2
SAS-5581743944,2604290943,120577756,2
SAS-5581743944,2604290941,120577756,2
SAS-5581743944,2604290940,120577756,2
SAS-5581743944,2604290939,120577756,2
SAS-5581743944,2604291071,120577756,2
SAS-5581743944,2604290949,120577756,2
SAS-5581743944,2604290948,120577756,2
SAS-5581743944,2604290947,120577756,2
SAS-5581743944,2604290944,120577756,2
SAS-5581743944,2604291048,120577756,2
SAS-5581743944,2604300874,120507297,36
SAS-5581743944,2604300857,120507297,36
SAS-5581743944,2604300860,120507297,36
SAS-5581743944,2604300873,120507297,36
SAS-5581743944,2604301021,120507297,36
SAS-5581743944,2604300859,120507297,36
SAS-5581743944,2604300862,120507297,36
SAS-5581743944,2604301020,120507297,36
SAS-5581743944,2604300875,120507297,36
SAS-5581743944,2604300863,120507297,36
SAS-5581743944,2604300854,120507297,36
SAS-5581743944,2604301038,120507297,36
SAS-5581743944,2604300872,120507297,36
SAS-5581743944,2604300861,120507297,36
SAS-5581743944,2604301022,120507297,36
SAS-5581743944,2604300852,120507297,36
SAS-5581743944,2604300871,120507297,36
SAS-5581743944,2604300865,120507297,36
SAS-5581743944,2604301039,120507297,36
SAS-5581743944,2604300853,120507297,36
SAS-5581743944,2604300870,120507297,36
SAS-5581743944,2604300868,120507297,36
SAS-5581743944,2604301040,120507297,36
SAS-5581743944,2604301018,120507297,36
SAS-5581743944,2604300644,120507297,36
SAS-5581743944,2604300658,120507297,36
SAS-5581743944,2604300645,120507297,36
SAS-5581743944,2604300648,120507297,36
SAS-5581743944,2604300642,120507297,36
SAS-5581743944,2604300669,120507297,36
SAS-5581743944,2604300646,120507297,36
SAS-5581743944,2604301092,120577754,2
SAS-5581743944,2604301087,120577753,3
SAS-5581743944,2604301088,120577753,3
SAS-5581743944,2604301152,120577753,3
SAS-5581743944,2604301155,120577753,3
SAS-5581743944,2604301153,120577753,3
SAS-5581743944,2604301151,120577753,3
SAS-5581743944,2604301147,120577753,3
SAS-5581743944,2604301142,120577753,3
SAS-5581743944,2604301134,120577753,3
SAS-5581743944,2604301148,120577753,3
SAS-5581743944,2604301146,120577753,3
SAS-5581743944,2604301143,120577753,3
SAS-5581743944,2604301168,120577753,3
SAS-5581743944,2604301175,120577753,3
SAS-5581743944,2604301174,120577753,3
SAS-5581743944,2604301103,120577754,2
SAS-5581743944,2604293223,120577756,2
SAS-5581743944,2604293228,120577756,2
SAS-5581743944,2604301099,120577754,2
SAS-5581743944,2604301096,120577754,2
SAS-5581743944,2604301098,120577754,2
SAS-5581743944,2604301095,120577754,2
SAS-5581743944,2604293210,120577756,2
SAS-5581743944,2604293198,120577756,2
SAS-5581743944,2604293316,120577756,2
SAS-5581743944,2604293314,120577756,2
SAS-5581743944,2604293313,120577756,2
SAS-5581743944,2604293312,120577756,2
SAS-5581743944,2604293325,120577756,2
SAS-5581743944,2604293326,120577756,2
SAS-5581743944,2604290981,120577756,2
SAS-5581743944,2604290985,120577756,2
SAS-5581743944,2604290986,120577756,2
SAS-5581743944,2604290989,120577756,2
SAS-5581743944,2604301093,120577754,2
SAS-5581743944,2604291047,120577756,2
SAS-5581743944,2604291046,120577756,2
SAS-5581743944,2604291042,120577756,2
SAS-5581743944,2604301094,120577754,2
SAS-5581743944,2604301191,120577753,3
SAS-5581743944,2604301194,120577753,3
SAS-5581743944,2604301188,120577753,3
SAS-5581743944,2604301189,120577753,3
SAS-5581743944,2604301184,120577753,3
SAS-5581743944,2604301182,120577753,3
SAS-5581743944,2604301181,120577753,3
SAS-5581743944,2604301180,120577753,3
SAS-5581743944,2604301195,120577753,3
SAS-5581743944,2604301196,120577753,3
SAS-5581743944,2604301081,120577753,3
SAS-5581743944,2604301079,120577753,3
SAS-5581743944,2604301073,120577753,3
SAS-5581743944,2604301078,120577753,3
SAS-5581743944,2604301072,120577753,3
SAS-5581743944,2604301068,120577753,3
SAS-5581743944,2604301067,120577753,3
SAS-5581743944,2604301069,120577753,3
SAS-5581743944,2604301118,120577753,2
SAS-5581743944,2604301085,120577753,3
SAS-5581743944,2604301084,120577753,3
